github_number,additions,deletions,changed_files
4695,452,14,16
11065,155,0,4
10992,0,155,4
10993,25,0,1
11429,218,0,3
11440,872,114,26
10998,561,63,19
11003,1,0,1
11020,16,5,1
11022,22,32,4
11006,41,30,10
11307,49,7,2
11011,20,21,4
11092,0,17,2
11095,14,22,5
11337,173,80,12
11048,20,21,4
11009,8,7,3
11010,16,0,1
11026,2,2,1
11017,54,10,4
11037,200,0,3
11036,5,1,1
11070,1,0,1
11101,1,0,1
11040,188,503,5
11060,1,1,1
11182,7,0,1
11122,4,0,1
11062,1,1,1
11154,14,6,5
11098,3,4,3
11063,1,1,1
11318,10,1,1
11088,6,0,1
11183,30,2,2
11375,2,2,1
11089,10,2,1
6084,16,5,8
11067,8,2,2
11068,2,17,2
11104,2,1,1
11233,113,1,3
11310,9,2,2
11086,97,150,5
11097,109,119,4
11076,1,1,1
11863,10,3,1
11094,1062,44,37
13346,75,58,3
13314,100,33,3
13358,75,58,3
11108,37,54,8
11186,4,0,2
11185,4,1,3
11135,1,15,1
11153,1,13,1
11100,106,10,3
11242,105,8,3
11418,57,3,10
11109,32,12,2
11225,1,1,1
11118,18,22,3
11184,42,64,4
11121,3,0,1
11553,0,3,1
11168,388,211,21
11128,4,4,2
11140,5,1,1
11150,5,8,2
11161,211,0,6
11147,21,35,2
11209,375,0,8
11159,2,2,1
11370,17,67,12
11414,22,432,9
11415,1,45,5
11411,50,79,6
11424,46,703,22
11416,6,78,17
11160,1,1,1
11278,2,2,2
11172,1825,62,11
11230,6331,522,132
11234,6299,516,131
11204,0,8,1
11180,0,1,1
11197,1,1,1
11269,2,2,2
12691,6127,701,80
11517,2,3,2
11199,12,6,1
11261,152,0,2
11240,2,2,2
11205,291,0,4
11216,1,1,1
11226,2,2,1
11227,1,1,1
11397,961,59,36
11270,131,77,8
11265,10,6,1
11266,13,1,9
11274,131,41,2
11298,22,1,2
11290,2,2,1
11522,887,9,15
11497,875,7,14
11386,3,71,2
11383,71,3,2
11334,35,6,1
11305,30,6,1
11431,1730,136,37
11314,1,1,1
11313,7048,0,53
11423,1079,10,14
11490,3593,8,45
11430,1031,8,14
11716,17,0,1
11735,3,2,1
11715,448,2,5
11709,18,7,3
11328,13,2,1
11394,205,0,6
11332,1,1,1
11377,1,1,1
11413,2,1,2
11363,65,17,4
11338,1,0,1
11357,11,5,5
4902,79,0,1
4869,2689,671,49
11468,65,35,4
11463,7,1,2
11633,2,2,1
11634,3,3,1
11376,1,0,1
11378,298,223,16
11455,73,28,2
11456,76,25,1
11398,1296,13,59
11380,3,3,1
11691,0,1,1
11592,362,66,10
11422,9,1,1
11387,16,26,3
11642,12,0,2
11458,0,10,1
11450,10,0,1
11417,60,2,3
11420,15,3,1
11471,1,1,1
11391,1,1,1
11448,6,4,2
11489,4,3,2
11405,1,1,1
11410,15,3,1
11432,404,0,4
11438,72,42,11
11454,2784,5,58
4743,8,0,2
11561,44,0,1
11503,1725,12,40
11830,2056,6,46
11443,1,1,1
11444,162,0,2
6170,40,17,7
11445,29,0,8
11814,6,4,3
11453,1,1,1
12823,5,5,1
11514,6,6,1
11570,70,17,4
11690,206,2,3
11603,14,2,2
11459,3,3,1
11460,32,3,2
11537,73,12,7
11467,158,66,11
11466,1,1,1
11611,140,0,4
11669,696,21,14
6604,5730,2344,242
11482,57,24,2
11480,14,0,1
11472,1,1,1
11473,5,2,4
11506,3530,14,33
11479,5,2,1
11486,2,2,1
11494,9,1,2
11481,127,5,4
11625,337,35,8
11491,8,21,2
11485,224,62,13
11487,1,1,1
11509,20,4,4
11683,1,2,1
12244,873,2,10
4590,215,0,5
11493,1,1,1
11591,1,1,1
11911,3,2,1
4459,357,5,10
11545,17,8,1
11501,3,3,1
11504,6,0,1
11505,23,5,5
11512,18,3,1
11508,32,33,5
11513,1,1,1
11516,12,0,1
11630,4,0,1
11523,2,2,1
11728,1352,221,54
11741,26,6,6
11598,3,0,1
11520,7,2,3
11521,3,3,3
11542,5,1,1
11544,137,76,11
11530,6,11,1
11531,14,8,2
11532,105,41,8
11534,0,1,1
11566,287,1,5
11535,7,7,3
11568,159,80,12
11541,221,12,5
12358,48,3,3
11549,1,2,1
11572,377,47,13
11577,538,47,17
11556,208,3,8
11711,373,12,10
11539,8,5,1
11540,10,5,2
11543,3,2,1
11546,26,8,2
11550,38,14,3
11548,0,7,1
11564,351,0,4
11551,166,1,8
11554,30,30,18
11555,232,0,8
11606,1,1,1
11558,26,5,1
11569,2,2,1
11559,9,8,5
11573,7,6,1
11565,4,1,1
11560,226,34,14
11562,1,1,1
11567,32,0,1
11575,38,1,3
11578,2,2,2
11579,1,1,1
11583,56,25,7
11580,8,0,1
11581,15,15,11
11582,169,130,5
11595,33,19,2
11615,10,10,2
11586,50,24,18
11589,24,50,18
11587,0,47,2
11619,32,0,2
11593,1,46,1
11594,2,2,2
11597,12,21,1
11600,2,2,2
11601,36,46,1
11663,89,0,3
4430,521,32,13
11602,17,8,4
13267,2,2,1
11608,1,1,1
11613,41,8,4
11618,31,1,2
11629,6,0,1
11620,19,0,2
11621,4,1,1
11655,1,1,1
11623,6,3,4
11627,2,2,1
11626,1,1,1
11628,7,37,4
11638,198,15,6
6165,96,4,4
11637,160,0,2
11636,177,0,2
11665,10,5,6
11639,4,0,1
11647,4,0,1
11640,1,0,1
11646,1,0,1
11648,518,4,8
11641,1,0,1
11645,1,0,1
11652,8,1,1
11649,16,0,2
11651,4,4,1
11654,15,0,1
11978,16,1,5
5830,2,2,1
11656,10,11,2
11764,12,5,1
11670,15,10,1
6181,1306,123,15
11688,36,5,4
11664,27,3,2
11666,0,125,5
11667,1,1,1
11694,1,1,1
11671,1,1,1
12264,3598,21,31
11676,48,9,8
11813,44,96,1
11675,8,0,1
11681,1,0,1
11678,3301,9,12
11680,12,10,7
11679,1,1,1
11685,66,16,3
11684,2,1,1
11686,16,24,8
11687,4,4,1
11689,337,1,5
11692,4,1,1
11826,283,0,7
11693,3,3,1
11696,30,3,1
11722,1,1,1
11697,4,4,1
11730,3,43,3
11700,33,22,7
11714,7,3,2
11703,1,1,1
11706,3,4,2
11704,454,6,13
11729,456,79,22
11708,1,1,1
11707,7,1,1
12414,567,0,2
12136,60,0,1
12778,39,0,1
11713,1,1,1
11712,1,1,1
12333,2,3,1
11738,140,24,8
11727,100,47,5
11749,24,20,5
11726,35,47,4
11733,1391,517,84
11717,18,10,4
11719,13,2,2
11725,1,0,1
11756,34,78,5
11757,34,78,5
12013,4,0,1
11723,0,1,1
11731,65,19,6
11724,17,7,2
11732,21,17,1
11734,0,12,6
12275,1,1,1
11745,582,286,82
11800,12,42,7
11739,3,0,1
11740,10,11,2
11796,48,7,5
11742,34,35,9
11754,8,3,2
11748,14,6,2
11802,719,169,67
11755,65,20,5
11751,7,1,1
11750,10,3,1
11752,23,7,5
11765,2,4,3
11758,3,1,1
11761,1,1,1
11763,3,3,1
11768,1,1,1
11776,922,32,21
11772,0,34,4
11771,2,2,2
11769,224,0,10
11775,1,1,1
11795,396,44,16
11783,218,23,14
11777,9,1,2
11780,874,15,22
11875,5,2,1
11805,16,7,1
11781,411,0,13
11782,152,1,2
11789,39,0,1
11891,843,376,29
12567,702,14,14
11786,0,4,1
11787,0,6,1
11788,0,1,1
11793,2,3,1
11859,1,1,1
11794,0,5,1
13920,42,6,2
11804,0,4,1
11807,0,6,1
11808,1,1,1
11809,38,0,4
11810,1,1,1
11811,1,1,1
11812,1,1,1
11818,2,2,1
12452,276,110,19
11821,19,1,2
11825,25,0,1
11822,2,26,3
11823,0,7,1
13115,0,5,1
13458,0,1,1
11827,0,6,1
11828,1,1,1
11848,8,0,1
11833,3,1,1
11834,58,89,4
11836,8,1,2
12142,0,70,6
12811,6,6,1
11837,82,1,4
11839,162,154,23
11840,1,1,1
11841,3,1,2
11842,56,33,1
11846,1,1,1
11856,3,6,3
11890,59,0,5
11879,199,0,5
11845,0,3,1
11857,13,9,4
11977,45,7,7
11980,51,0,7
11869,1,1,1
11847,117,33,4
12153,3,121,3
11997,121,3,3
12160,211,2,3
11854,11,1,1
12733,32,29,1
11852,112,41,20
11851,70,35,15
11968,8,0,1
11954,3,1,1
11948,8,0,1
11946,9,1,1
11853,0,7,1
11855,0,14,1
11860,26,6,3
11864,2,4,1
11865,2,1,1
11873,18,58,6
11998,73,1,4
12884,134,4,4
11867,32,100,11
11874,1,1,1
11868,16,59,4
11871,2,2,1
11872,14,0,2
12130,1,1,1
11877,19,13,3
11897,1,1,1
11876,476,0,5
11918,56,13,9
11878,0,2,1
12086,63,4,3
12118,14,4,5
11882,6,1,1
11881,1,5,2
11901,161,28,5
11884,21,1,1
11883,0,16,3
11889,1,1,1
11885,8,7,6
11887,24,328,12
11888,62,0,4
11892,1,1,1
11893,1,1,1
11902,155,58,4
11896,130,0,2
11895,0,7,3
11898,184,313,9
11912,1,16,2
13164,0,7,1
11899,8,0,1
11900,0,13,1
11927,18,2,1
11903,9,3,3
12021,1,4,2
5428,3,3,2
11904,0,8,3
11908,0,18,1
11909,1,16,1
11910,0,6,1
11913,0,6,1
11915,127,48,4
11916,19,2,10
11919,1,1,1
11922,109,0,1
11990,279,21,5
11972,8,0,1
11942,669,129,23
12030,137,10,3
6786,1,1,1
11925,1,1,1
11926,140,34,5
14013,0,7,1
11944,6,1,1
11953,9,1,1
11930,6,1,1
12294,13,0,1
11935,123,1,7
11931,12,7,1
11945,7,2,1
11950,1,1,1
11932,0,14,1
11938,29,15,5
11936,4,1,1
11940,26,0,1
11949,1021,341,34
11963,621,621,40
11965,673,773,48
11957,609,617,39
11943,14,1,1
11955,0,3,1
12057,1,52,8
11966,104,70,15
11961,104,70,15
11967,34,10,3
11970,21,10,1
11971,65,90,29
11973,1,1,1
11979,6,1,1
11976,1,1,1
11975,1,1,1
11983,25,13,2
13181,463,1,12
14517,1,9,1
14562,25,5,5
14501,9,1,1
12050,77,35,13
12031,1,1,1
11984,1,1,1
11986,5,38,4
11995,1,1,1
6633,191,16,4
12005,1,1,1
11993,38,17,4
11994,197,49,8
11996,154,2,4
12018,155,7,5
12010,87,154,23
11999,9,3,1
12001,0,32,1
12003,5,0,5
12002,1,1,1
12036,667,30,13
12004,1,1,1
12489,2648,77,44
12321,3,0,1
12011,14,1,3
12012,10,5,3
12143,241,0,3
12157,167,0,2
12015,8,5,2
12016,2,2,1
12028,1,1,1
12019,5,9,2
12020,55,11,4
12042,90,29,5
12045,296,56,13
12024,242,63,13
12040,1,1,1
12093,219,0,2
12014,1606,162,56
12032,19,2,8
12033,1,1,1
12079,13,1,3
12035,1011,0,16
12038,50,26,14
12046,18,12,3
12058,0,2,1
12214,205,1,4
12355,96,0,1
12048,402,1,2
12041,101,2,1
12044,3,9,1
12099,14,7,1
12149,3,39,3
12782,3,39,3
12133,44,2,3
12121,4,4,1
12053,15,15,15
12475,34,0,3
12059,12,12,1
4427,82,35,9
12060,0,4,1
12061,1,1,1
12071,1969,81,23
12063,1966,81,23
12064,1,1,1
12065,21,21,1
12066,36,3,2
12111,80,57,7
12104,3,36,2
12095,2,2,1
12067,7,0,1
12068,3,2,1
12073,31,0,2
12186,1,2,2
12075,2,0,1
13972,16,15,1
12083,295,5,6
6636,372,35,20
12077,1,1,1
12078,53,0,8
12080,2,2,1
12081,0,5,1
12082,1,1,1
12084,1,1,1
12088,1,1,1
12085,1,1,1
12087,1,1,1
12108,133,55,22
12091,2,2,1
12138,530,84,7
12094,140,90,1
12096,6,2,1
12379,0,1,1
12367,7,24,2
12363,4,21,2
12103,6,10,1
12105,1,1,1
13328,0,1,1
12109,1,1,1
12345,2,2,1
12110,26,0,7
12165,60,14,3
12432,0,0,75
12433,86,88,89
12131,400,0,9
12128,16,9,3
12127,13,5,1
12132,3,1,1
12135,4,5,1
12189,4,5,1
12139,18,1,1
12188,303,44,18
13489,17,6,3
12140,6,0,2
12144,3,3,1
12145,1389,9,10
14514,191,0,4
12146,13,3,1
12195,806,1,6
12148,7,31,3
12151,3,3,1
12281,90,31,13
12426,2,6,2
12159,24,1,1
13180,138,6,4
12156,1,1,1
12278,125,0,3
12158,1,1,1
12161,7,6,1
12241,1350,306,43
13903,0,1,1
12163,24,0,1
12166,4,0,1
12167,447,9,11
12802,35,1,1
12168,494,1,9
12217,224,1,10
12175,510,46,5
12174,0,2,1
12169,1,1,1
5278,773,80,15
12177,17,12,1
12685,1,1,1
12359,55,33,9
12180,39,0,7
12181,1,1,1
12182,100,25,8
12183,50,33,10
12220,49,1,2
12302,8,8,1
12184,266,65,10
12187,0,6,2
12196,1001,146,29
12190,1,1,1
12191,440,4,10
12197,529,34,14
12192,39,3,3
12193,19,245,1
12206,218,16,4
12360,75,0,1
12768,362,2,6
12199,12,4,2
14136,7,2,1
13753,4,2,1
14184,7,2,1
12200,14,3,1
12201,65,21,9
12205,3,1,1
12472,1129,105,24
12207,35,23,4
12210,6,3,1
12421,161,0,4
12283,5,2,2
12219,3,2,2
12221,1,1,1
12222,5,4,2
12235,1,1,1
12223,342,40,18
12336,2,1,1
12228,308,1,7
12280,69,29,8
12305,58,1,4
12231,104,247,7
12229,6,6,2
13347,133,22,10
12240,129,0,1
12242,2,2,1
13122,101,5,4
12289,1190,505,51
12285,650,210,26
12247,27,0,1
12249,4,4,2
12287,144,0,6
12255,1,1,1
12256,1,1,1
12288,149,95,15
12251,18,18,4
12428,13,0,8
12262,7,0,1
12257,69,4,3
12263,162,2,3
12354,409,6,6
12269,15,4,1
12270,19,85,8
12271,2,2,1
12533,1,1,1
12272,33,14,1
12274,1,1,1
12276,24,11,1
12295,108,1,2
12298,1679,33,19
12290,1,1,1
12299,26,1,2
12296,26,1,2
12301,2,0,1
12303,56,15,3
12556,54,12,3
12312,1,1,1
12304,1,1,1
12307,1,1,1
12309,126,36,1
12310,1,1,1
12313,1,1,1
12314,1,1,1
12317,85,0,1
12322,1,6,1
12323,16,0,7
12352,144,5,3
12435,2045,498,72
12327,6,1,1
12329,1,1,1
12347,2499,136,49
12331,2,2,1
12332,1,1,1
12343,477,36,17
12284,6,7,5
12334,5,5,5
12335,8,8,6
12337,1,1,1
12338,52,4,2
12517,963,10,16
12461,1764,198,53
12349,7,1,1
12341,1,1,1
12342,7,9,1
13348,32,128,13
12344,176,35,9
12346,1704,27,15
12348,2,0,1
12381,12,16,4
12350,1,1,1
12351,5,5,4
12356,7,0,2
12357,2,139,5
12420,369,1,7
12361,64,9,3
12362,298,6,29
13365,777,25,26
12887,1034,34,34
12400,1,1,1
12370,569,1,5
12404,29,1,2
12375,29,1,2
12364,2,2,1
12371,1664,45,11
12579,1698,45,11
12369,21,21,1
12374,1,1,1
12396,221,0,4
12389,753,4,7
12376,1,1,1
12377,286,4,5
12378,39,286,7
12408,10,0,1
12388,10,0,1
12383,2,2,1
12385,2,2,1
12476,137,0,2
12384,1,1,1
12386,112,0,2
12395,112,0,2
12410,2,2,2
5236,1,1,1
12387,728,2,4
12390,1,1,1
12499,763,5,7
12394,30,30,8
12397,15,1,3
12398,220,36,10
12382,2,1,1
12406,1,1,1
12424,1,1,1
12415,1,1,1
12460,95,0,4
12412,36,9,5
12411,36,9,5
12413,1,1,1
12417,60,8,5
6653,308,15,5
12418,1,1,1
13954,17,0,3
12422,134,0,1
12431,74,72,10
12467,128,238,16
12494,15,1,2
12495,4,3,1
12425,1,1,1
12427,1,4,1
12430,489,489,148
12866,2623,116,45
12835,2574,63,37
12543,1731,57,31
12511,4,14,7
12644,14,18,3
12634,30,20,3
12506,308,0,9
12468,3,1,1
12571,398,17,17
12440,251,102,45
12441,0,12,1
12443,10,0,1
12444,924,20,14
12632,197,369,11
12852,2781,13,57
12480,60,5,6
12446,2,19,1
12447,38,2,1
12449,1629,9,15
12671,29,17,3
12448,6,4,1
12454,1,1,1
12453,17,3,2
12456,66,4,4
12455,2064,10,13
12457,144,35,10
12459,17,3,3
12465,1269,99,43
13397,367,56,12
12466,5,22,1
12478,1,1,1
12703,15,15,2
12471,10,26,7
12473,2,2,1
12539,1,1,1
12574,1,1,1
12585,8,0,1
12552,1,1,1
12484,48,0,3
12487,21,2,1
12488,11,2,1
12491,31,14,10
12492,1,1,1
12493,1,1,1
12497,29,6,4
12570,6,29,4
13388,47,13,2
12496,3,4,2
12501,1,1,1
12502,229,294,19
12534,33,39,9
12535,1,1,1
12504,608,8,5
12505,7,5,2
12600,30,3,3
12694,4,1,1
12508,3042,14,29
12619,1,1,1
12516,2,2,1
12524,1,1,1
5001,23,18,3
12512,276,68,13
13131,205,340,48
12513,38,47,7
12518,19,18,1
12519,4,69,6
12520,44,44,9
6618,338,1,2
12522,1,1,1
12523,1,1,1
12572,10,1,3
12527,1,0,1
12616,3,2,1
12586,1,1,1
12536,1,1,1
12537,14,2,3
12544,1,1,1
12545,1,1,1
12546,5,8,2
12563,1,1,9
12551,1,1,1
4522,229,226,25
12559,7,7,4
12560,3,3,3
12558,54,13,4
12562,400,48,30
12584,48,400,30
12646,7,41,2
12568,1,1,1
6595,439,207,23
12576,1,1,1
12580,106,1,4
12573,2,0,1
12883,2920,59,50
12575,8,8,6
12578,1,1,1
12577,6,2,1
12589,47,47,15
12581,1,1,1
12583,86,0,1
12587,487,185,17
12878,147,131,9
12588,3,2,2
12798,1,1,1
12591,281,185,13
12779,7,13,2
12592,6,14,2
12596,1,1,1
5028,11,11,3
12628,0,137,6
13821,57,243,10
12594,113,0,6
13747,156,245,16
12614,142,125,60
12599,1285,0,9
12598,2,177,4
12601,12,12,6
13204,24,12,9
12618,29,3,3
12608,8,8,8
12609,77,42,22
12610,3423,10,13
12612,1,1,1
12613,1,1,1
12668,1195,39,19
12615,60,33,9
12617,84,50,15
12621,17,1,2
12620,40,28,12
12622,2,0,1
12623,21,3,2
12624,3,3,2
12638,4,3,2
12626,244,6,7
12625,66,2,2
12630,63,42,14
12645,12,3,5
12631,1,3,1
12700,6,6,2
13247,218,53,7
12664,1,0,1
12660,101,2,6
12639,1,1,1
12640,31,11,8
12651,55,81,4
12642,12,0,2
12647,224,153,61
12650,8,3,2
12714,509,4,20
12652,1,1,1
12657,1,1,1
13124,1,1,1
12684,2,3,2
13555,331,17,14
12791,289,18,13
12663,1,1,1
12665,1,1,1
12666,18,0,6
12737,4580,2442,63
12674,4518,2454,62
13542,7,31,6
12734,30,20,5
12842,46,51,10
12736,31,1,2
12905,31,11,1
12800,3315,20,64
12679,1,1,1
12680,1,1,1
12672,1,1,1
12683,12,1,1
12675,137,0,2
12676,1646,556,106
12678,238,7,4
12681,327,101,14
12682,214,9,4
12686,12,19,3
12804,21,7,1
12688,1,1,1
12689,4,4,3
12690,1,0,1
12749,61,0,3
6781,145,0,2
12697,1,1,1
12698,0,45,1
12771,5,0,1
12704,168,2,4
12706,33,31,3
12705,82,28,5
13363,11,4,3
12729,192,1,3
12825,855,7,14
12709,1,1,1
12707,1,1,1
12745,1,1,1
12711,1,1,1
12713,841,5,14
12826,1563,154,37
12948,166,8,7
13549,164,9,7
13023,34,2,3
12727,2,1,1
12781,1,1,1
12730,192,1,3
12732,2,1,1
12735,1,1,1
12739,29,2,3
12738,7,2,1
12740,40,14,5
12741,1,1,1
13393,493,0,7
13168,642,90,8
5622,8,3,1
12742,4,0,1
12743,1,1,1
12746,1,1,1
12785,1,1,1
12747,1,1,1
12748,1,1,1
12807,4,5,2
12750,1,1,1
12751,1,1,1
12860,1213,607,76
12980,4285,1630,217
12894,1433,702,98
12858,1151,405,76
12753,2,1,1
12755,1,1,1
12754,1,1,1
12756,0,107,1
12761,82,28,5
12757,64,39,2
12760,32,0,2
13183,734,76,12
12759,39,0,12329
12762,92,46,6
12790,1,1,1
12763,1,1,1
12764,1,1,1
12767,1,1,1
12770,13,1,3
12851,8,64,6
12775,25,210,14
12810,13,160,13
12772,1,3,1
12774,273,7,8
12836,2241,166,45
12776,63,5,3
12784,1,1,1
12777,87,23,5
12780,1,1,1
13478,22,16,1
12783,1,1,1
12789,89,5,5
12792,0,7,1
12793,1,1,1
12797,14,2,2
4428,1,1,1
12816,1,1,1
12801,1,1,1
12803,1,1,1
12855,1,1,1
12806,1,1,1
12808,10,3,2
12812,1,0,1
12813,5,0,1
12824,87,25,6
12822,65,1,3
12820,6,8,1
12819,6,8,1
13530,4261,10,18
12874,4,1001,20
12901,0,16,1
4432,23,1,1
12829,1,1,1
13152,14,1,1
13190,14,1,1
13278,558,20,17
12876,25,2,3
12879,12,15,4
12869,0,0,0
4926,39,31,1
12832,9,8,5
12833,1,1,1
12933,195,133,19
4434,6,6,1
13129,1,1,1
12837,46,14,6
12839,14,14,1
12841,0,4,1
12847,297,259,10
4841,965,2,12
12863,3,4,1
12845,35,264,12
4525,418,62,9
12846,16,2,1
13894,10,1,2
12854,13,1,2
4835,171,37,5
12865,2,2,1
12859,1,1,1
13837,2005,32,32
13163,3,17,2
12902,11,9,1
12862,19,19,10
12864,144,287,15
12916,4,4,1
4529,733,473,29
12977,9,161,5
12871,2,2,1
12872,10,989,15
12815,292,0,8
12873,1,1,1
12875,0,3,1
13050,1,1,1
13051,1,1,1
12881,1,1,1
4443,229,21,2
12882,2091,45,27
12885,12,12,6
12886,168,63,4
12895,1,1,1
12891,1,1,1
4444,97,53,37
12940,310,7,9
12893,2,12,4
12896,9,0,1
12897,2,16,2
12915,15,17,3
12898,4,2,4
12900,72,23,7
12904,1,1,1
14065,56,9,3
12910,1,1,1
12937,39,14,6
12925,357,1,7
4451,76,43,10
12919,2,32,4
14046,142,16,6
12926,18,0,1
12973,0,4,1
12972,0,3,1
12927,7233,4865,247
12929,1,13,1
12930,1,1,1
12931,6,4,1
12932,1,1,1
13103,1,1,1
12936,23,9,2
5737,1,1,1
4474,3,1,2
13239,187,0,1
13237,187,0,1
12938,1,1,1
12941,2,1,1
13377,349,132,16
13230,33,53,17
13203,196,578,65
12942,10,11,3
12998,12,2,3
12989,12,2,3
13003,189,1216,36
13042,91,1339,33
13022,190,1216,36
13041,91,1339,33
12943,1,1,1
12946,1,0,1
12961,52,7,4
12968,52,7,4
12949,1,1,1
12951,2,2,1
12952,87,11,4
4972,138,13,2
12971,6,3,2
12956,6,3,2
12957,88,20,4
13739,56,13,4
13684,7,2,1
14553,33,1,2
14095,208,4,4
13350,3748,17,16
13008,70,15,8
12962,4,2,1
13017,4,2,1
12967,1,1,1
12963,1,1,1
12981,32,19,1
12976,32,19,1
12975,32,19,1
12982,32,19,1
12969,22,19,1
12970,12,1,1
12974,8,1,1
4452,527,50,13
12990,9,1,1
12979,9,1,1
12992,37,0,1
13414,15,3,2
12987,1,1,1
12986,1,1,1
12985,11,2,1
12994,71,185,13
13032,1,1,1
12991,2,2,2
13198,2,2,1
12997,4,0,1
13015,1412,445,34
13043,1412,445,34
13002,3,3,1
13001,3,3,1
13004,142,0,2
13000,1,1,1
4482,65,179,19
13111,4,1,1
13044,4,1,1
13021,15,0,9
13012,15,0,9
13009,2,2,1
13231,146,36,8
13048,1,1,1
13035,1,1,1
13014,1,1,1
13049,1,1,1
13434,172,6,10
13026,163,5,8
13016,171,5,9
13069,23,0,1
13020,341,3,7
13031,16,0,1
13034,74,8,4
13341,1929,612,74
13360,1734,441,66
13662,3,0,1
13024,21,7,2
13025,21,7,2
13082,8,8,3
13065,116,114,5
13040,111,75,23
13036,111,75,23
13083,8,8,3
13098,5,12,7
13099,5,13,8
13066,116,115,5
13028,1,1,1
13027,1,1,1
13029,13,6,2
13030,13,6,2
13033,1,1,1
13045,25,0,2
13121,17,0,2
13487,286,56,10
13039,82,5,3
13052,14,5,1
13073,1,1,1
13072,1,1,1
13046,271,5,9
4462,55,1,2
13047,322,0,3
13108,13,12,1
13084,13,12,1
13053,1,1,1
13054,2,3,2
13055,4,3,4
13064,4,3,4
13063,4,3,4
13056,4,3,4
13061,30,21,6
13068,72,5,6
13067,72,5,6
13062,3,3,1
13151,330,0,1
13410,203,7,4
4515,99,58,8
13589,135,14,4
13234,1,43,1
13089,4,0,2
13092,4,0,2
13070,2,0,1
13504,533,12,7
13071,0,1,1
4472,19,8,1
13078,8,8,1
13079,49,2,4
13075,49,2,4
4470,1,1,3
13088,1,1,1
13503,16,13,8
13091,1,1,1
13096,47,4,3
13093,47,4,3
13097,1,1,1
13211,70,11,8
13154,1,1,1
13433,17,7,6
13704,27,9,8
4478,18,2,2
13107,4,4,1
13113,249,149,10
13109,1,1,1
13110,1,1,1
13112,152,104,5
4487,167,143,3
13114,78,33,2
13116,1,1,1
13119,1,1,1
13117,1,1,1
13118,1,1,1
13269,163,8,9
13120,1,1,1
13323,24,0,1
13326,3,1,1
13128,312,92,63
13143,1515,679,61
13126,4,10,1
13148,4,10,1
13221,407,226,3
4490,56,2,2
13133,1042,0,9
13127,3,0,1
13135,29,9,5
13144,69,52,6
13134,2,0,1
13140,76,14,4
13539,77,14,4
13136,1,1,1
13137,110,78,8
13149,65,24,3
13315,311,112,6
13153,98,7,6
13257,14810,57,47
13516,3687,26,62
13784,10,1,2
13158,0,7,1
13157,0,7,1
13159,1,1,1
13291,1,1,1
13161,28,56,3
13162,28,56,3
4493,203,35,12
13176,3,3,3
4496,36,13,9
13172,4,3,1
13171,4,3,1
13178,4,2,2
13170,4,2,2
13185,1,1,1
13186,1,1,1
13182,34,0,2
13501,491,10,11
13195,5,5,1
13330,485,0,11
13207,125,0,3
13532,1405,2,16
13300,65,16,5
13249,314,6,5
13197,1,1,1
4506,207,28,14
13200,48,0,3
13199,20,1,1
4829,1005,77,16
13205,5,5,3
13246,14,30,7
13206,546,16,8
13241,124,0,1
13212,30,2,2
13215,7,7,5
13214,1,1,1
13227,1,11,2
13216,1,1,1
13217,1,1,1
13218,1,1,1
13223,50,26,23
13285,37,26,4
13222,5,7,1
13224,19,2,4
13232,126,0,3
13229,703,0,9
13236,105,42,3
13265,1,1,1
13244,2,3,1
13245,2,3,1
4503,2,0,1
5259,1,1,1
13248,5,1,2
13254,1,1,1
13250,1,1,1
13258,1,1,1
13270,1,1,1
13253,2,14,5
13322,24,5,3
13316,41,21,8
13262,85,1,3
13500,10306,570,271
13601,854,401,42
13277,95,54,21
13415,1008,536,60
13419,854,285,36
13273,111,160,5
13272,1,1,1
13310,221,0,5
4504,3,0,1
13275,1,1,1
13274,12,0,1
13286,2,2,1
13279,1,1,1
13280,1,1,1
4534,37,5,2
13284,6,0,1
13290,2,1,2
13289,157,143,27
13288,10,1,2
13225,1639,752,8
13295,2,1,2
13297,1,1,1
13301,231,398,47
4572,9,18,8
13343,209,5,5
13520,209,5,5
13302,51,0,3
13303,1,1,1
13305,1,1,1
13308,1,1,1
13312,172,6,8
13311,172,6,8
13319,24,0,10
13317,18,6,2
13318,3,0,1
13656,223,13,7
13320,1,1,1
13321,1,1,1
13325,71,27,11
13324,933,114,16
13511,3539,13,13
13641,2437,233,49
13464,3264,1306,116
13339,1,1,1
13327,458,3,2
13329,3,2,1
13331,1,1,1
13332,10,1,1
13333,3,3,1
13334,1687,0,7
13528,244,10,5
13381,230,10,5
13409,40,8,7
13338,921,21,16
4518,18,11,3
13337,1,1,1
13340,1,1,1
13342,1,1,1
13344,2,2,1
13353,275,88,2
13351,1,1,1
13522,188,7,6
13352,1,1,1
13354,2,7,1
13357,2,0,1
13355,2,0,1
13379,274,0,3
13359,1,1,1
13538,596,234,8
13361,128,34,22
4520,153,92,8
13362,2,2,1
13369,1,31,4
13364,3,4,5
13382,810,17,20
14023,518,263,354
5872,253,60,16
13378,2,1,1
13373,26,0,2
13407,361,53,30
13462,1,1,1
13375,3,2,1
13374,3,2,1
13376,12,22,1
13372,23,0,1
13380,149,90,1
13405,76,418,25
13385,38,38,38
4624,6,8,1
13389,1,1,1
13394,4290,7023,739
13548,690,39,13
13390,41,36,6
13391,70,24,8
13392,96,38,5
13620,211,35,8
13525,176,27,4
13413,5,5,1
13398,507,531,44
4530,19,6,1
14043,34,8,2
13933,6431,29,110
13783,6410,22,111
13406,16,3,4
13395,17,0,1
13396,1,1,1
13399,48,16,4
13400,2,2,1
4528,87,52,5
13437,33,0,32
13404,15,2,2
13568,1325,643,64
7676,384,7,3
13449,7,12,6
13480,1,1,1
13411,31,7,5
13440,1,1,1
13424,216,5,3
13412,19,6,3
14360,167,17,23
13417,0,3,3
13420,1,1,1
13421,5,5,2
14081,112,0,6
13422,1,1,1
13423,1,1,1
13675,1,1,1
13425,100,4,4
13431,1928,0,9
13427,1,1,1
13429,127,2,1
13432,2,60,1
13430,26,26,26
13835,126,5,3
13849,122,5,3
13441,2,16,4
13436,2,67,2
13484,739,4,7
13442,9,2,4
13438,92,1,2
13439,124,0,2
13452,1,1,1
13444,4,2,1
13446,1,1,1
13451,85,29,2
13448,1,1,1
4558,56,15,2
13450,34,62,1
13485,2,2,1
13469,1,77,4
13454,349,14,7
13471,398,28,7
13461,1,1,1
13455,1,1,1
13456,1,1,1
4936,111,77,9
13531,1,1,1
13459,2,4,2
13611,1051,319,9
13463,79,1,2
13476,2,0,2
4537,14,2,1
13465,2,1,1
13466,0,4,1
13479,268,145,3
13472,11,11,3
13473,2,2,1
13506,48,37,1
13475,29,2,4
13474,1,1,1
14382,20,0,2
13477,4,2,2
13486,6,0,1
14222,1,1,1
4541,4,0,1
13494,145,18,12
13535,2294,94,41
13546,1435,95,36
13527,2284,97,41
13488,1,1,1
13490,60,19,6
13491,1,1,1
13982,245,73,13
13492,1,1,1
13596,608,22,5
13493,1,1,1
13495,4,1,1
13496,2,2,2
13498,52,10,6
4597,293,3,4
13499,16,0,1
13772,207,0,5
13602,89,39,14
13505,0,1,1
13512,3844,21,16
13502,1,1,1
13507,13,3,2
13621,81,83,31
13599,14,3,3
13518,1,1,1
13509,1,1,1
13508,1,1,1
13510,103,32,3
14528,12,2,4
13514,2,1,1
13515,6,8,3
13585,23,28,6
13517,91,60,4
13519,1,1,1
13521,0,529,16
14292,4,0,1
13537,58,25,15
13533,13,4,3
13534,19,8,1
13540,1,1,1
5688,2527,410,71
5701,5,3,3
5738,9,50,7
4542,10,7,4
13541,0,1,1
13580,22,0,1
13544,134,2,3
13553,6,1,1
13547,7,1,1
13551,10,9,3
13554,1,1,1
13550,2,2,1
13552,2,2,1
13556,1,1,1
13630,1,1,1
13557,49,36,10
13558,2,1,2
4543,1,0,1
13559,6,6,2
13560,115,13,17
13607,2,1,1
13564,37,68,2
13561,0,4,1
14702,233,55,4
13563,1,1,1
13565,1514,0,2
13592,2,0,1
13566,9,9,1
13590,759,4,12
13569,6,3,2
13570,1,1,1
13670,1026,3,13
13577,435,10,3
13574,102,20,2
13571,3,3,1
13573,421,11,3
13582,174,129,9
13578,1,1,1
4547,81,2,3
4584,200,5,10
13610,1,1,1
13584,5,5,2
13587,1,1,1
13588,6,7,2
13595,37,15,2
13591,1,1,1
13598,45,0,2
13593,22,54,10
4548,1,0,1
13597,28,7,3
13594,11,6,6
13632,25,5,2
13603,1,1,1
13605,2,2,2
13606,1,1,1
13608,2,2,2
13609,5,3,2
13612,1,1,1
13673,607,12,8
4996,1,1,1
13614,1,1,1
13615,1,1,1
4551,20,11,4
13622,1,1,1
13623,12,1,1
13625,40,42,6
13636,4,2,2
13624,2,4,2
13626,1,1,1
4565,89,3,6
13628,17,11,3
14774,0,8491,105
13629,0,8491,105
14847,10,22,3
13631,1,1,1
13633,1,1,1
13635,1,1,1
13639,1,1,1
13640,2,16,2
13745,4383,18,21
13646,1,1,1
13647,55,39,3
13648,55,39,3
13708,9,0,1
13649,486,1,8
13650,0,12,2
13651,167,34,4
13668,133,40,3
13653,133,40,3
13652,1614,6,6
13655,1,1,1
13658,14,0,1
13654,5,24,4
13793,5,28,5
13660,1,1,1
13663,204,187,3
13664,1,0,1
13666,1,0,1
13665,38,38,38
13750,279,10,11
13667,58,3,1
13669,242,1321,12
13676,682,251,31
13678,682,251,31
13671,1,0,1
13672,132,131,23
13923,16,10,14
13777,242,21,6
13674,52,3,3
4557,1,12,2
13771,1,1,1
13701,1,1,1
14667,2,0,1
14655,5705,42,74
14604,5701,43,75
13679,340,0,7
4563,17,11,1
13682,3,0,1
13681,14,1,2
13738,4,1,1
13787,417,0,4
13744,30,8,4
4562,13,8,1
13722,4,1,1
13694,4,1,1
13990,24,0,1
13686,9,1,1
13688,5,0,1
13689,9,0,2
13691,1,1,1
13693,2,3,1
13748,383,1956,9
13695,1,1,1
13696,1,1,1
13697,13,4,2
13706,625,535,36
13699,1,1,1
13707,1,1,1
13702,2,21,3
4564,2,4,1
13703,4,0,1
13709,4,0,1
13711,0,36,3
13757,293,247,24
13710,2,1,1
13714,8,41,4
13712,1,1,1
13713,1,1,1
13715,1,1,1
13719,1,1,1
13717,2,2,1
13720,329,15,9
13721,329,15,9
13723,9,1,1
13965,19,18,1
13724,6,5,1
5025,7,1,3
13773,86,47,2
13758,11,0,4
13749,1,1,1
13779,1,1,1
13725,2,2,1
13727,2,2,1
13729,1,1,1
14017,2,0,1
13731,3509,703,98
13756,4090,948,119
13732,1,1,1
13810,537,257,41
13728,1,2,1
13733,7,7,1
13742,23,7,3
13752,187,0,5
13736,42,19,7
13734,36,9,7
13776,143,45,2
13741,143,45,2
13737,4,1,1
13740,2,1,2
14310,7,0,1
13743,117,1,3
13804,6,11,1
13858,624,63,18
13746,2,2,2
13834,1,1,1
13754,1,1,1
13788,104,9,8
13759,2,0,1
13760,132,31,8
13766,383,342,91
13762,1,1,1
13765,5921,1277,179
13764,1,1,1
13767,1,1,1
13770,30,19,5
13768,1,1,1
13774,444,355,99
13775,9,0,1
13778,1,1,1
14152,5,5,3
14145,5,5,3
13780,0,19,1
13786,0,22,2
13781,1,1,1
13782,1,1,1
13844,2698,389,72
13803,224,186,38
4567,15,15,1
13789,1,1,1
13790,3,15,2
13791,2,2,1
13792,1,1,1
13794,1,1,1
13795,1,1,1
13796,1,1,1
4568,2,2,1
13798,1,1,1
13805,14,8,3
13799,1,1,1
13800,1,1,1
13801,7,5,3
13802,1,1,1
13901,182,3,5
13817,24,16,1
13825,1,89,2
13806,197,150,83
13809,6,6,2
13807,1,1,1
13883,54,18,4
13832,147,130,1
13812,114,74,6
13820,84,0,6
13813,1,1,1
13815,3,8,2
13816,1,1,1
13818,35,19,16
13839,53,35,18
13905,1,0,1
13904,1,0,1
13827,1438,841,401
13822,1,1,1
13824,1,1,1
13828,60,38,7
13826,2,5,1
13830,3,2,1
13866,179,2,5
14206,196,2,5
14207,196,2,5
13831,2,2,1
13833,15,4,4
13919,1,1,1
13874,5,5,1
13949,1646,428,37
13842,1780,761,54
13909,4525,1877,108
13856,2749,1887,120
13971,1572,1490,113
13841,2,1,1
13843,3,3,1
4739,1,1,1
13847,27,2,1
13850,29,52,10
13865,107,53,9
14212,207,260,2
13853,1,1,1
13851,1,1,1
13852,1,1,1
13848,34,2,4
13864,0,0,0
13871,19,1,1
13880,224,183,12
13879,224,183,12
13908,56,2,4
13958,1,1,1
13872,51,6,5
13991,1,1,1
13970,1,1,1
14011,80,6,7
13867,1,1,1
14003,2,2,1
13891,175,47,11
13929,271,99,15
13876,94,74,2
13873,2,0,1
13877,1,1,1
13885,8,2,1
13884,8,2,1
13888,3,1,2
13887,3,1,2
13902,2605,1302,74
13948,1492,1243,47
13981,0,2,1
5192,5930,5,85
4751,3256,2,45
13897,16,0,1
13898,34,34,9
4574,1,1,1
13899,61,89,9
13900,10,7,3
13950,357,36,12
13914,4845,1866,114
4576,41,9,2
13979,1,1,1
13906,3793,15,12
13996,1,1,1
14812,2,35,5
13910,1,1,1
13930,1,1,1
4731,66,0,8
13912,3,3,1
13911,1,1,1
13915,11,23,5
13951,447,197,34
13916,6,27,2
13980,35,10,2
13917,1,10,1
13918,1,1,1
13921,55,55,2
13926,5,0,1
13925,5,0,1
13922,1,1,1
13940,3134,1397,82
4578,1,1,1
13927,71,37,4
13939,45,11,7
13928,2,2,1
4577,6,4,1
13934,2,1,1
13968,48,40,6
13932,1,1,1
14373,499,46,55
13938,5,3,2
8317,92,5,5
13941,3182,1442,84
13944,1,1,1
13945,1,1,1
13946,1,1,1
13947,2,2,1
13978,1179,450,40
14008,20,3,1
14094,1,1,1
14059,14,108,6
13966,3,2,2
4579,144,124,2
13961,1,4,2
13957,3772,11,12
13989,1396,0,19
13976,576,291,32
13969,2,2,1
13955,1130,10,6
13963,0,0,0
13964,34,39,1
13984,1,1,1
13967,1,1,1
13973,3,3,2
13974,7,1,2
13975,1,1,1
13977,8,1,1
14035,82,3,3
13962,287,1,3
14019,1,2,1
14015,20,1,1
13983,1,46,2
13986,1,1,1
13988,1,2,1
13994,1,1,1
14252,6,2,1
14001,55,0,2
14020,22,23,5
14010,23,22,5
14034,22,22,5
14028,256,12,3
13998,9,1,1
13999,1,1,1
14000,111,69,9
14005,71,30,10
14002,649,39,12
14006,65,57,4
14007,1,2,1
14009,407,0,4
14012,119,46,3
14014,4,0,2
14016,64,31,4
14024,38,38,38
14026,39,39,39
14051,9,3,3
14027,4,3,1
14029,1,1,1
14030,39,20,6
4581,2,1,2
14033,7,7,1
14037,4,3,1
14075,1,0,1
14061,155,37,6
14055,68,2,2
4583,21,3,5
14038,4,62,4
14040,54,55,3
14039,21,0,2
14042,33,38,20
14053,8,1,2
14044,5,0,1
14323,9,2,1
4586,3,2,2
14047,2,2,1
14050,1,1,1
14108,1,3,1
14109,1,3,1
14049,104,15,5
14363,8,6,1
14082,10,13,1
14052,13,10,1
14054,1,0,1
14077,494,163,20
14118,14,0,1
14056,14,7,4
14062,8,0,2
14063,103,1,2
14067,11,3,3
14070,2,6,2
4591,575,200,26
14071,135,7,5
14073,16,3,2
14080,389,4,9
14074,98,1,3
14078,243,21,2
14076,1,1,1
14079,144,43,6
14085,1052,124,20
4593,9,2,2
14087,42,24,1
14089,3,4,2
14090,1,1,1
14092,1,1,1
14096,31,23,2
14097,1,1,1
14098,2,0,1
14106,980,238,31
14129,980,238,31
14122,1,1,1
14100,10,9,4
14101,162,2,3
14125,49,52,6
14102,1,0,1
14103,1,1,1
14104,17,11,5
14105,5,1,4
14107,5,1,4
14110,1,1,1
14111,1,1,1
14114,474,659,6
14115,2,0,1
14188,12,1,2
14117,30,30,14
14116,30,30,14
14535,6,6,6
14119,17,0,1
14130,17,0,1
14120,3,0,1
14121,4,0,1
14132,1,1,1
14123,39,22,6
14147,1,1,1
14124,40,28,3
5334,2,0,1
5372,2,0,1
14276,2,2,2
14128,1,1,1
14131,2,2,1
14133,1,1,1
5016,7,5,2
14135,7,0,1
14138,0,3,2
14139,0,3,2
14143,1,1,1
14158,1,1,1
14175,48,10,4
14141,2,2,1
14142,1,1,1
14161,1,1,1
14217,478,1,9
4649,4,2,2
14148,1,1,1
14185,117,15,4
14151,1,0,1
13859,1,1,1
4722,1019,242,27
14154,38,38,38
14157,179,610,17
14192,3310,1273,145
14155,1,1,1
14156,8,2,1
14159,2,1,1
14160,1,1,1
14167,1,1,1
14164,95,36,1
14200,17,0,2
14166,23,23,3
14250,461,23,10
14169,2,0,1
14170,2,0,1
14168,1,1,1
14172,1,1,1
14171,1,1,1
14178,1,0,1
14176,1,0,1
14259,7,8,3
14179,384,212,41
14177,21,371,16
14187,12,16,4
14180,243,277,64
14201,39,19,13
14196,7,10,2
14211,10,10,3
14195,15,15,4
14203,22,20,5
14202,7,3,2
14194,13,17,5
14193,3,3,1
14186,10,5,4
14183,11,4,2
14198,1,1,1
14199,1,1,1
4609,74,0,2
14189,1,1,1
14191,1,1,1
14197,1,1,1
14205,2,0,1
14204,2,0,1
14297,331,0,3
14208,316,0,5
14209,20,2,2
14210,20,2,2
14215,1,1,1
14213,273,62,13
14214,1,1,1
14282,1,1,1
14216,2,2,2
14218,17,2,2
14225,1,1,1
14219,1,1,1
14223,220,5,6
14224,220,5,6
14226,2,1,2
14227,2,1,2
14229,22,1,3
14228,22,1,3
14234,1,1,1
14233,1,1,1
14231,1,3,1
14230,3,1,1
14232,6,2,2
14236,1,1,1
14235,1,1,1
14239,3,1,1
14238,3,1,1
14237,3,3,2
14240,3,0,1
14241,2,2,1
14258,9,9,1
14242,1,1,1
14244,1,1,1
14245,1,1,1
14247,27,17,4
14248,10,0,2
14249,10,0,2
14253,90,96,3
14251,2,2,1
14256,14,1,1
14257,0,1,1
14260,1,1,1
14261,35,35,1
14263,257,0,4
14264,255,19,10
14273,101,22,25
14265,38,0,1
14284,4,14,1
14266,1,1,1
14268,1,1,1
14299,191,0,1
14295,0,191,1
14274,59,23,1
14269,62,22,1
14271,37,4,7
14290,1,1,1
14275,1,1,1
14277,3,3,3
14281,22,372,16
14279,7,0,1
14285,0,1,1
14287,1,1,1
14288,1,1,1
14289,12,2,1
14293,3,2,1
14294,9,9,3
14296,6,2,1
14298,1,1,1
14300,1,44,1
14301,3,3,2
14302,44,45,5
14303,47,56,3
14722,12,0,1
14693,1,1,1
14673,3,1,1
14618,3036,30,39
14305,1,1,1
14306,1,1,1
14307,1,1,1
14308,1,1,1
14311,1,1,1
14316,1,1,1
14490,69,0,3
14466,69,0,3
14393,1024,1016,81
14322,630,41,8
14313,11,3,2
14319,14,7,1
14334,14,7,1
14314,4,2,1
14315,106,16,8
14317,15,1,1
14318,7,50,4
14321,1,1,1
14324,0,9,1
14325,2,1,1
14326,1,1,1
14327,2,2,1
14329,1,1,1
14328,1,1,1
14330,1,1,1
14331,5,2,1
4603,5,12,2
14332,7,2,1
14383,4,4,4
14388,2,2,2
14446,1,1,1
14510,204,2742,19
14365,227,2749,21
14359,1,1,1
14336,1,1,1
14337,15,14,3
14338,1,1,1
14340,1,6,2
14341,626,111,6
14342,2,2,1
14343,3,3,2
14731,3,2,2
14737,2,1,1
14344,2,2,1
14345,21,21,6
14346,0,5,1
14347,13,39,3
14348,0,33,1
14349,28,25,5
14350,29,47,1
4655,3,1,3
14364,131,23,5
14571,20,4,1
14572,26,6,1
14574,2,2,2
14573,36,9,1
14351,1,1,1
14352,1,1,1
14353,12,14,2
14354,1,1,1
14358,1,1,1
14355,272,11,7
14356,1,1,1
4605,1,1,1
14480,6,3,3
14357,15,6,6
14398,6,3,3
14461,22,38,7
14481,12,0,3
14361,1,1,1
14362,1,1,1
14366,1,1,1
14368,1,1,1
14371,1,1,1
14380,490,57,4
14370,16,4,2
14372,69,0,2
14374,0,65,2
14447,0,1268,15
14375,14,10,3
14376,42,2,2
14377,0,65,1
14378,3,6,4
14379,83,48,8
14484,78,53,7
14381,6,10,4
4607,1,1,1
14472,466,186,21
14389,18,4664,46
14543,465,185,20
14391,16,7,2
14921,209,20,10
14384,38,38,38
14387,17,27,1
14386,0,27816,286
14530,678,18314,245
14539,1150,48,26
14534,1151,41,25
14392,98,81,6
4612,4,2,1
14394,2,7495,164
14395,0,1,1
14619,1124,43,15
14397,34,1,9
14468,34,1,9
4613,1,0,1
14400,1624,43,37
14407,32,17,5
14460,1,1,1
4614,1,0,1
14403,3,2,1
14404,32,32,14
14405,37,0,2
14406,7,1,2
14499,351,16,6
14408,18,8,1
14463,2,1,1
14477,1,1,1
14479,2,2,1
14410,0,94,6
14411,1,1,1
14414,116,116,83
14419,56,50,1
14482,18,0,1
14428,51,61,7
14420,146,176,24
14421,68,75,9
14434,60,68,7
14427,6,9,2
14424,18,29,5
14429,15,17,2
14433,6,9,3
14426,49,52,5
14462,6,8,2
14425,23,23,1
14431,57,66,5
14430,25,24,6
14432,22,23,3
14417,3,0,1
4620,34,19,3
14416,2,2,1
14422,80,120,4
14440,6,6,4
14435,2,2,2
14436,6,6,4
14437,21,21,5
14438,2,2,2
14439,5,5,2
14442,15,15,9
14443,2,2,2
14445,5,5,2
14448,2,2,2
14450,36,43,14
14451,2,2,2
14441,9,9,3
14423,2,2,2
14453,5,8,2
14454,6,8,5
14449,1,1,1
4618,612,292,21
14452,24,0,1
14455,28,1,4
14620,867,10,25
4617,461,187,24
4833,265,491,31
14826,1,1,1
14470,1,1,1
14458,1,1,1
14467,6,0,1
14464,5,45,3
4619,5,4,1
14584,2600,5704,165
14508,484,231,69
14474,53,55,16
14476,7,5,1
14473,432,0,10
14533,694,128,24
14487,1,1,1
14488,1,1,1
14641,6,13,2
14497,0,0,2
14478,0,1989,2
14495,0,2,1
14064,6,5,3
14627,53,18,11
14537,59,17,8
14628,56,3,3
14990,26,14,4
14989,35,22,4
14946,0,1557,26
14880,35,2,5
14892,69,3,6
14540,4,0,1
14502,76,1,2
14634,19,0,2
14483,1,1,1
14485,434,13,7
14489,2,2,2
14504,289,0,5
14492,421,74,17
14577,122,81,10
14493,5,3,1
14516,1,1,1
14494,6,11,1
14520,1,1,1
14521,9,8,3
14509,15,13,1
14523,8,1,3
14568,10,0,3
14567,9,5,3
14570,3,2,2
14569,6,0,2
14566,1,1,1
14522,10,9,1
14524,3,2,2
14498,26,33,5
14500,28,3,3
14503,59,61,4
14505,2,2,1
14506,1,1,1
14511,12,14,10
4630,304,192,7
4638,45,16,3
14600,591,8,10
14745,2,26,1
14527,472,101,32
14519,1,1,1
14525,29,13,6
4626,13,10,1
14526,1,1,1
14529,2,2,2
14536,4,4,2
14532,6,5,2
14547,595,62,21
14507,28,103,7
14538,1034,1,5
14541,1,1,1
14542,648,190,22
4627,9,0,1
4628,20,1,1
14550,13,6,1
14596,1,1,1
14551,12,8,3
14544,1,1,1
14545,15,0,1
4644,42,22,1
14549,4,9,4
14548,3,314,6
14552,480,368,1
6312,146,26,5
4652,83,2,4
14554,2,2,1
4632,24,8,1
4636,33,2,3
14556,111,55,10
14557,18,1,1
14558,12,0,1
14559,99,1,3
14563,4,2,4
14603,46,2,5
14564,0,1,1
4633,824,582,39
14605,9,1,2
14575,26,23,20
14576,30,146,2
14588,214,60,21
4635,21,1,1
14581,47,103,38
14703,1,1,1
14587,0,3,3
14705,388,0,5
14589,14,2,2
14591,196,4,4
14607,26,136,4
14636,6,1,2
14597,1,1,1
14601,95,8,4
14631,98,115,4
14608,2,0,1
14609,7,7,1
14610,1,1,1
14611,6,3,2
14612,2,1,1
14613,1,1,1
4754,1593,9,19
5014,84,46,8
14615,38,23,2
14616,0,4,1
14617,12,0,1
14621,0,422,5
14622,0,219,5
14623,0,176,3
14633,10,330,6
14656,0,564,6
4637,824,582,39
14692,0,1424,5
14691,0,419,5
14659,0,316,4
14637,22,4,1
14630,146,56,19
14672,0,14,1
14629,7,7,5
14658,5,2,1
14651,1,1,1
14790,15,6,2
14635,1,3195,19
14657,0,91,2
14660,0,141,3
14676,4,346,5
14678,0,193,4
14677,2,262,6
14638,0,21,1
14639,61,25,8
14640,0,2,2
14642,387,403,7
4641,6,2,2
14643,7,0,1
14646,694,439,12
14644,1,1,1
14645,1,1,1
14647,963,57,18
6173,44,18,3
14648,1637,99,26
14649,1,1,1
14856,1,1,1
14830,1,1,1
14829,1,1,1
14788,1,1,1
14687,1,1,1
14652,150,14,7
14653,11,5,1
14654,1,1,1
14665,358,19,10
14857,57,66,10
15010,366,0,4
14663,1,1,1
14694,84,158,8
15003,1,26,2
14701,1,1,1
14698,83,10,1
14668,21,25,20
4657,612,292,21
14674,2,0,1
14699,151,21,7
14675,1,1,1
14680,0,50,6
4650,46,18,2
4667,7,1,2
14749,18,0,1
14690,7,7,7
14688,8,8,6
14681,10,297,11
14683,3,10,2
14686,1,1,1
14719,44,26,1
14725,40,10,2
4645,7,1,1
14685,1,1,1
14752,158,0,2
14753,158,0,2
14689,1,1,1
14704,136,92,14
14706,1,1,1
14718,0,1,1
14696,31,17,2
14697,7,7,4
14793,78,130,6
14700,2,0,1
14707,41,14,3
14712,1,1,1
14775,2,2,1
14723,123,7,6
14708,0,1,1
14710,0,2,1
14713,52,22,1
14715,0,1188,21
14717,185,4261,68
14787,0,110,6
14716,1,9,1
14720,23,10,4
14721,23,4288,65
14751,90,2497,25
14732,1,1,1
14730,286,178,47
14726,1,1,1
14727,1,1,1
14874,511,21,19
14736,16,34,5
14734,2,4,1
14754,55,31,5
14735,0,18,3
14741,9,14,4
14743,15,1,2
14765,0,13,1
14755,30,35,1
14750,1,15,2
14762,457,1,5
14772,5,0,1
14756,9,9,2
14758,9,6,1
14759,3,3,1
14761,14,30,6
14763,9,6,1
14764,9,6,1
14766,55,31,5
14767,16,0,1
14768,2,0,1
14769,28,28,28
14770,94,72,13
4653,88,236,12
14888,3,2,3
14842,5733,143,93
14875,23,0,2
14933,64,119,6
4660,11,2,2
14996,29,2,4
14995,38,11,6
14783,21,3,5
14776,14,12,1
14777,1,0,1
14884,10,2,1
14836,82,0,3
14833,153,9,5
14778,2,0,1
14779,2,0,1
14780,1,1,1
5002,8,8,5
5003,1,1,1
5031,8,8,5
14781,0,86,1
14784,1,1,1
14785,0,31,1
14786,33,26,7
14869,168,23,11
4974,432,61,4
4662,39,6,2
14791,15,14,2
14823,391,4,10
14792,232,7,6
14794,1,11,10
14816,17,30,3
4666,3,3,1
14797,3,2,1
14798,0,5,1
14799,2,9,1
14801,462,544,2
14811,31,24,4
14893,1,1,1
14800,5,1,1
14802,1,1,1
14803,2,2,2
14804,1,1,1
14805,4,4,4
14807,1,1,1
14808,1,1,1
14809,1,0,1
14810,1519,219,19
14896,23,0,2
4671,2,1,1
14851,69,21,6
14858,45,0,2
14813,13,13,4
14814,6,6,3
14815,2,2,2
14818,1,1,1
14819,2,2,1
14821,21,32,1
14824,6,0,3
14820,1,1,1
14883,216,4,6
14822,134,1,6
14866,240,12,10
5798,1,1,1
14899,432,2,8
14825,1,1,1
14827,37,46,2
14889,395,3,8
14908,230,0,3
14828,14,14,9
14835,171,180,3
14864,19,52,2
14838,1,1,1
14906,12,25,3
14846,193,89,21
14840,1,3,2
14843,1,1,1
14844,1,1,1
14845,1,1,1
4668,27,39,5
14849,1,1,1
14832,398,772,51
14910,57,30,1
14852,1,1,1
14854,1,1,1
14860,1,1,1
14918,4,10,2
14865,11,39,3
4792,149,35,22
14867,138,2,8
14868,51,1,7
14879,7,7,6
14878,25,25,12
14877,5,5,3
14876,1,1,1
14873,1,1,1
14872,2,2,1
14871,1,1,1
14870,1,1,1
14891,1,2,2
14894,1,1,1
14898,16,13,3
14904,21,3,3
14901,17,3,3
14903,3,17,3
14902,20,7,3
14905,1,1,1
14907,1,1,1
14969,1,1,1
14911,1,1,1
14912,1,1,1
14913,15,1,1
14916,32,45,5
14931,0,1,1
14925,28,67,3
14919,2,2,1
14920,30,2,2
5421,22,16,2
14922,1,1,1
14930,24,35,2
14924,3,1,1
14926,1,1,1
14937,0,951,217
14932,1,1,1
4716,113,189,4
14944,0,311,9
14951,11,0,1
14938,1,1,1
4690,9,1,1
14939,1,1,1
4937,466,15,14
15008,3,37,2
14953,104,8,9
14964,1,147,38
14983,1,1,1
14970,5,1,1
14973,1,1,1
14976,1,1,1
14982,40,26,5
14981,2,2,2
15002,21,2,8
14985,4,0,1
14984,4,4,5
14987,6,0,1
14988,1,1,1
15001,0,134,1
14999,0,195,1
15016,1,4,2
15007,1,1,1
15020,33,0,2
15021,33,0,2
15022,33,0,2
15023,0,0,0
15018,0,6,1
4692,15,6,4
5084,837,210,8
4697,11,6,1
4701,296,4,21
4745,121,42,3
5665,49,10,1
4704,1,1,1
4709,1,1,1
4710,1,1,1
5817,102,19,4
4713,1,1,1
4717,215,65,19
4742,8,27,4
4890,553,163,18
4720,50,3,3
4724,3,3,1
4815,322,0,2
4729,1,1,1
5189,30,115,4
4747,3,2,2
4730,198,7,2
4744,198,41,22
4736,1,1,1
4766,155,34531,382
4968,213,24,16
4826,14,7,1
4777,91,2,3
4780,27,7,3
4763,375,0,6
4759,375,0,6
4755,1,0,1
4756,445,0,2
4811,1,1,1
4791,32,32,32
4769,1,0,1
4773,27,11,3
4771,4,10,1
4857,1,1,1
4804,1391,230,52
4834,113,157,14
4786,3,0,1
4932,92,26,9
4799,8,7,2
4794,13,2,2
4790,673,17,13
5123,398,310,12
4964,213,1,5
4881,45,9,3
4801,20,18,3
5631,44,7,3
5438,0,134,2
4802,28,296,11
4809,126,16,15
10983,193,414,18
5205,415,38,14
4852,8,31,1
4818,157,45,3
4819,417,10,8
4827,2,2,2
5239,6,10,1
4836,98,15,7
4821,1,22,2
4838,22,21,10
5459,40,10,4
5086,1002,65,30
4832,2,1,1
5146,35,3,2
4874,28,13,2
4885,1,1,1
4850,240,0,3
4844,44,5,9
4828,0,178,1
5162,301,0,1
5118,600,711,27
5253,2362,51,28
5393,1,0,1
5134,153,2,2
4861,2,0,2
4845,5,0,1
4848,96,3,5
4847,1,1,1
4849,0,1027,9
4952,1385,407,39
4877,2,1,2
4855,1,1,1
4856,44,0,1
4862,1,1,1
4860,2,2,1
5140,113,17,7
5149,279,199,20
4863,5,5,1
4865,18,18,6
4875,7,0,1
4882,29,2,2
5857,559,176,34
5743,1326,1375,122
4911,202,248,11
4873,8,2,1
4876,28,35,1
4898,623,171,24
4893,486,0,14
4918,503,0,14
5435,852,435,21
5509,100,13,14
4904,257,38,16
4909,4,2,2
5219,5,5,4
4915,18,2,2
5819,14,11,5
4931,198,375,4
6557,253,71,38
7850,298,133,15
6556,245,83,13
4919,13,2,2
4927,2,2,1
4921,20,1,3
4967,1095,32,18
4922,43,17,5
6182,857,15,14
4935,152,7,3
4933,134,3,2
4934,183,9,3
4962,219,202,7
4989,232,155,29
5829,37,21,8
5800,1,0,1
5955,325,23,9
4941,0,10,1
14402,8,8,4
4879,13,2,2
4942,6,7,3
5202,192,1,2
4944,1,1,1
4963,9,6,1
4953,1,1,1
4961,207,40,16
4955,125,9,4
4957,27,30,1
5272,696,165,14
5505,9777,723,30
4985,11,6,1
4959,12,3,2
6454,11,1,1
5325,10,10,10
4965,2,2,2
4966,1,1,1
4978,5,1,1
6420,665,24,20
5104,551,20,11
5090,517,5,12
4983,847,58,17
4987,29,6,3
5073,141,0,4
4986,332,50,20
4993,233,71,12
5510,5,2,1
5429,495,46,49
5662,74,18,13
5744,569,17,10
5004,2,2,1
5007,1,1,1
5008,12,3,1
5177,40,13,1
5013,11,1,1
5017,474,51,12
5021,8,0,1
5326,1304,1716,70
5048,2,2,1
5032,73,2,2
7968,275,4,2
5033,405,27,9
5030,3,2,1
5039,2,1,1
5045,1,0,1
5785,1,0,1
5041,7,3,1
5121,1,100,2
5053,6,1,1
5419,769,1,4
5594,349,63,10
5347,450,207,33
5173,38,18,14
5181,39,20,14
5049,1,1,1
5584,4,8,4
4366,3187,88,29
5093,2,2,2
5081,2,2,2
5052,1,1,1
5675,48,7,2
5054,137,0,4
5056,39,23,5
5064,20,23,5
5062,305,29,14
5057,39,7,4
5058,2,2,2
5127,13,0,2
5061,9,9,1
5063,1018,411,32
7142,6,6,1
5153,147,48,9
5164,356,93,15
5152,1,1,1
5573,995,194,59
5074,48,18,3
5171,8,1,1
5083,126,2,3
12964,21,3,2
5420,1137,7,4
5092,6,2,4
5100,60,20,3
5101,9,1,1
5313,181,144,5
5105,215,33,4
5254,2249,250,43
5175,31,17,1
5111,5,0,1
5117,79,0,2
7233,10,5,1
5147,399,4,5
5124,19,39,7
5122,1,1,1
5163,6,1,1
7946,78,20,6
5126,310,126,18
5129,8,0,1
5131,19,16,1
5133,11,15,1
5136,256,26,23
5135,214,113,8
5137,53,20,7
5693,0,3,1
5139,266,249,11
5143,154,7,6
5145,1,1,1
5176,2345,1206,76
5206,2370,1238,83
5366,51,124,12
6976,2,2,2
5392,2,2,2
5150,143,19,19
5215,4,27,6
5158,134,8,4
5155,2,0,1
5797,5,15,2
5673,441,106,17
5276,2,2,1
5212,459,2,11
5168,1,0,1
4726,819,525,39
5174,6,1,1
6026,6,17,4
5185,51,15,1
5103,1,129,4
5186,25,30,4
5187,1,1,1
5204,4,126,3
5194,6,2,2
5195,8,5,1
5360,300,18,7
5889,67,6,3
5971,18,2,2
5203,2,8,2
4702,14,2,2
5211,2,2,1
5770,40,9,5
5339,73,18,3
5336,4,4,1
5375,403,11,8
5954,6,0,2
5220,7,0,1
9234,57,40,4
8437,0,0,0
5859,36,20,4
5246,2,9,1
5468,19,153,21
5258,100,7,6
5235,208,17,6
5557,5,3,2
5232,685,74,14
5290,2,2,1
5561,69,14,1
5869,74,17,4
5222,2,1,1
5228,21,17,1
5221,12,51,5
5226,5,3,1
4725,233,0,4
8216,1,0,1
5536,2,0,1
5231,3,3,3
5452,824,386,22
5948,1,2,1
5496,490,12,9
5243,83,14,5
5241,262,2,11
5279,8,5,3
5422,475,6,11
5261,1,1,1
5309,600,926,15
5466,3,0,2
5357,8007,12992,359
5346,6895,13127,339
5270,327,12,3
5271,1,58,4
6107,30,10,3
5274,10,2,1
5484,5,3,1
5287,78,26,9
5280,50,12,3
5281,2,35,4
5282,198,3,3
5329,36,29,2
5851,3,3,1
5293,111,8,8
5288,78,26,9
5297,1,16,1
5807,1,1,1
5296,1,1,1
5607,46,0,3
5335,2,2,1
5303,112,25,18
5304,18,4,1
5300,9,2,1
5302,8,2,1
5322,2,1,1
5306,1,1,1
5409,2,2,1
5350,4,4,1
5312,29,25,2
5307,61,1,3
5320,238,57,15
5324,8,7,1
5332,8,6,1
5328,7,4,3
5330,16,4,1
5388,170,47,8
5547,8,1,1
5342,1,1,1
5464,347,12,11
4806,2096,7,39
4705,8843,9,90
5364,99,38,1
5340,5,3,1
5522,81,28,5
5353,4,0,1
6042,8,0,1
4887,5235,36,80
5345,5,1,1
5351,29,26,2
5352,9,0,1
9435,708,6,24
9144,407,0,7
5384,4,0,1
4608,8551,1,77
5373,160,89,8
5363,7,0,2
5368,2,0,1
5451,0,35,1
5564,6,1,1
5581,6,2,1
4473,52,1,5
5446,1,1,1
5369,22,8,3
5370,25,32,5
5882,2908,776,91
5381,5,0,1
10774,50,4,2
5377,45,21,4
5378,5,4,1
5383,2,1,1
5580,48,5,6
5415,1819,2010,71
5460,49,0,6
5389,203,30,6
5405,1,1,1
5504,103,585,57
5385,108,111,2
5386,19,0,1
6835,1985,1097,41
5445,184,237,12
5432,25,0,1
5390,10,9,1
5398,1,1,1
5396,3,27,2
5417,63,51,11
5426,130,57,5
5407,4,1,2
5786,32,9,18
5412,49,14,1
5524,117,28,6
5881,25,21,2
5418,4,1,1
10441,57,3,6
4549,5094,275,68
4480,878,141,10
4776,553,28,19
5424,114,25,2
5525,32,27,4
5441,7,4,1
5449,21,0,2
5430,308,24,12
5433,25,0,1
5437,13,8,1
5436,1,1,1
5488,633,209,23
5533,2374,655,36
5664,2,2,1
5444,19,20,2
5455,859,28,17
5530,14776,680,20
4706,3,0,1
7184,282,204,16
7198,265,183,11
5450,66,87,4
5518,219,69,10
7838,3121,153,94
5457,7,3,1
5659,31,81,2
5458,37,17,1
5754,7,1,1
5461,206,197,17
5559,147,23,1
5482,459,129,9
5650,92,126,4
5474,42,5,7
5472,22,9,1
6698,3,1,1
5476,9,12,3
5477,15,13,1
5515,5,0,1
5480,74,5,2
5833,26,107,4
5684,1,0,1
5486,1,1,1
5491,26,28,1
6632,18,1,1
5572,503,99,12
5493,1,1,1
5651,5,4,3
5556,2,2,1
5492,56,2,2
5494,43,1,2
5503,1,1,1
5498,8,0,1
5497,65,2,4
5523,200,155,28
6544,51,29,5
6563,1,1,1
5512,184,50,8
5513,24,17,1
5543,2,7,1
5706,1,1,1
5517,1,1,1
5521,23,19,1
5538,77,33,19
5528,3,1,1
5983,755,224,130
5531,3,2,1
5539,162,0,2
5821,47,5,4
5540,3,0,1
5544,12,3,2
5545,15,1,1
5546,17,3,1
5567,948,182,13
5839,347,121,4
5563,3,1,1
5597,1,1,1
5615,19,0,2
5568,380,315,4
5649,17,11,1
5207,769,90,26
4477,252,41,4
5094,881,87,24
5722,3,1,1
5574,146,20,5
5576,5,3,1
5579,30,71,6
5586,9,2,2
6177,39,14,1
5593,138,80,22
7164,87,0,2
7169,87,0,2
5617,5,1,1
5590,121,62,8
5647,1,1,1
5795,44,2,2
5763,370,133,30
5777,184,21,5
9206,81,4,3
5671,17,9,2
5648,37,25,4
5611,1104,197,32
5600,172,1,6
5677,54,25,1
6123,223,49,6
6114,223,49,6
6025,13,0,2
5603,0,1,1
5735,160,57,15
5605,2,0,2
4507,4134,73,90
4511,4135,75,89
4854,2672,70,72
5629,92,13,2
5618,76,8,2
5626,32,2,3
5624,1,1,1
7405,122,4,7
5632,2,2,1
5642,37,37,6
5633,214,214,23
5652,14,43,4
5705,2,1,1
5663,242,4,2
5670,18,1,1
5697,85,0,1
5653,5,2,1
5742,19,1,3
5654,2,2,1
5661,1396,13,11
5836,10,2,2
5655,46,1,1
5657,14,18,1
5685,607,11,13
5660,1,0,1
6127,84,3,2
6126,2046,1370,40
5678,1,1,1
5679,9,5,2
5767,69,17,8
5832,2,167,9
5687,1,1,1
5729,2,2,1
5686,13,1,1
5690,5,6,2
6489,1034,0,18
6490,1030,0,18
6524,0,6,1
5914,7993,2,86
5779,15,1,3
5828,7915,3567,555
5736,3,0,1
5838,421,1,8
6237,4318,474,79
6200,1946,275,40
6206,1644,250,23
5709,171,145,27
5702,72,41,15
5810,3,3,2
5707,113,1,2
5844,0,4,1
5775,501,271,22
5710,1,0,1
5714,75,2,2
5715,41,10,3
5768,50,5,3
5716,13,0,1
5799,4,1,1
5719,3,474,11
6639,21,1,2
6704,4558,3733,226
6736,5028,4199,229
5723,6,6,1
5854,1950,378,63
5727,96,14,4
5726,9,3,1
6174,4,1,1
5732,178,106,13
5822,91,6,2
5873,5,1,1
5813,6,2,2
5746,2,2,2
6186,2,2,1
5752,5,5,1
5762,1,1,1
5753,44,1,4
5769,27,8,7
5794,1,1,1
5780,17,2,2
5760,2,37,2
6825,10,3,3
6607,39,2,3
5765,4,3,2
5801,285,4,8
5776,1,1,1
5782,7,54,3
5840,4,2,1
5814,1,1,1
5790,29,0,5
5793,1,1,1
7830,0,1484,1
5808,3,1,1
5812,23,12,1
7084,221,90,5
5818,0,38,1
5847,1,1,1
5866,112,0,2
5825,8,0,1
5826,42,74,4
5827,64,0,2
5883,2210,428,25
6345,1527,55,33
6180,346,2,9
5835,5,5,3
5849,3,1,1
7073,1,1,1
5843,33,33,22
5912,677,88,26
5853,19,0,2
5855,47,13,3
5856,20,1,1
5861,74,9,3
5860,2,2,2
5875,8,6,2
5862,4,3,1
5874,20,20,5
5877,27,7,3
6658,481,265,14
6577,84,144,7
5884,7,4,1
6098,38,19,2
6045,97,74,2
6044,86,51,2
6614,2,2,1
7679,13,10,3
5891,68,43,6
5894,3,3,2
5897,2,1,1
5898,1,1,1
5909,47,36,3
5899,47,36,3
6162,120,3,4
5900,1,1,1
5902,22,8,1
5913,3945,119,96
6108,135,45,10
6066,129,45,10
5923,1,5,1
5937,33,16,2
6000,2,1,2
6063,14,2,1
5903,31,1,1
6146,10,11,3
5904,597,8,5
5905,184,2,3
5908,199,116,9
4552,268,70,6
5946,56,38,1
6227,9,0,1
5966,70,31,5
6024,1,0,1
5910,1,2,1
5978,105,311,24
5975,29,20,2
5959,111,18,10
5918,65,27,5
5919,1,1,1
5927,9,1,1
6070,1365,321,24
5921,58,86,3
5924,1,1,1
5926,4,1,1
5929,22,9,5
6437,23,11,4
6018,19,1,2
5934,26,14,6
7080,3,6,2
5928,1371,44,23
5933,11,3,3
5935,1,1,1
6082,3,3,3
6013,3,0,1
6582,1278,8,10
5940,620,3,9
5941,5,2,1
5942,1,1,1
5965,26,95,7
6310,177,60,19
5943,31,3,2
5944,513,63,9
5970,171,34,13
6019,208,34,14
6023,15,3,3
5949,25,13,1
5951,521,30,16
6005,26,37,7
6436,10,26,3
5986,2,2,2
6238,8,154,9
5963,453,315,16
6080,45,6,6
6231,1,2,2
5976,22,0,2
6006,0,6,1
6451,473,17,14
5972,48,4,2
6119,206,106,43
6010,1,0,1
5979,7,1,2
6087,36,42,1
6033,130,5,15
6410,244,73,19
5981,49,233,108
5980,211,4,4
5996,27,14,3
13283,7,898,13
5988,6,2,1
5992,99,0,2
6027,654,130,14
6187,15,0,12
6003,29,6,3
6366,2048,0,5
6176,2214,406,58
5999,2,2,1
6008,286,146,11
6009,25,11,2
6016,4,0,1
6017,6,0,1
5234,273,26,12
6011,25852,915,390
6149,28,88,7
6015,185,13,6
7535,6,3,2
6022,1,1,1
6167,197,5,7
6028,55,8,2
6260,9,3,2
6065,87,20,5
6031,0,1,1
6039,104,20,6
4500,649,432,27
4589,251,202,25
6036,2,2,1
6060,1,1,1
6038,2,2,1
6282,1,1,1
6043,4,2,1
6049,1,1,1
6052,1,1,1
6050,39,1,2
6055,4,1,1
6051,17,3,2
6081,27,4,4
6101,2,2,1
6427,3,1,1
6061,1,1,1
6175,361,0,4
6068,1,1,1
6076,3,0,1
6122,1,1,1
6072,14,2,1
6091,755,5,3
6086,1,0,1
6387,409,43,18
6089,2,4,2
6305,2074,176,36
6090,1,1,1
8065,16,11,10
6128,2,2,1
7293,1519,33,19
6120,3278,1237,87
6185,5386,1931,152
6133,1079,344,48
6100,5,1,1
6705,25,7,4
6720,21,0,2
6739,5,7,2
6104,70,25,3
6130,6,3,2
6204,18,5,1
6117,50,4,2
6112,24,9,3
6166,2,2,1
6138,78,0,4
6192,1,0,1
6141,3,0,1
6132,2,2,1
6150,98,115,14
6469,2860,7542,50
6470,2115,690,48
6137,26,1,2
6251,2,2,1
6143,32,0,3
6145,10,0,2
6147,2,2,1
6194,34,2,3
8882,456,91,10
9273,141,70,1
9289,33,17,1
6153,104,1,5
6157,1,1,1
6156,1,1,1
8776,5,9,2
6199,15,0,1
6265,12,79,6
6191,1,1,1
6171,21,0,3
6168,15,12,5
6386,1,156,4
6172,155,19,7
6209,160,19,7
6178,1,1,1
6183,4,4,2
6394,110,13,5
6197,1371,178,45
6188,25,14,3
6193,39,27,7
6189,48,43,19
6195,31,16,1
6256,135,170,16
6202,135,170,16
6205,2,0,1
7982,164,47,19
6208,1548,1468,37
6207,45,46,2
6213,49,27,1
4488,10,6,4
4485,10,10,3
6212,28,7,3
6216,51,4,1
6226,749,131,36
6220,235,16,8
6217,8,0,1
6225,1,1,1
6224,2,0,1
6232,4,1,2
6234,1,1,1
6242,1,1,1
6247,46,28,6
6244,51,51,17
6250,18,12,1
6501,9,15,3
6500,10,16,3
6688,43,2,1
7074,1,1,1
8229,34,19,4
6252,23,2,1
7693,247,8,11
6271,189,6,5
6274,196,7,7
6280,196,7,7
6521,290,31,4
7783,4303,576,185
6264,19,14,1
6261,3,3,1
6278,3,3,1
6307,1,1,1
6306,1,1,1
6263,135,31,4
6703,3,2,1
6564,3,1,1
6566,9,2,2
6266,1,1,1
7861,7,9,2
7853,8,2,1
6444,1435,14,23
6337,1435,14,23
6303,163,122,7
6273,34,0,1
6289,2,0,1
6297,2,0,1
6298,114,4,3
6302,9,6,3
6292,1,1,1
6291,1,1,1
6295,354,33,14
6296,23,25,4
6293,23,25,4
6383,210,193,11
7114,21,10,10
7123,23,19,4
6340,246,5,9
6376,168,10,5
6299,4,1,1
6300,0,27,1
6311,4,1,1
6474,2,2,2
6363,1,1,1
6313,12,5,1
6309,229,87,7
6461,2,2,2
6327,342,47,10
6861,274,42,6
6860,262,35,5
6335,498,446,22
6318,39,1,1
10297,507,125,16
10284,171,81,7
6507,7,6,2
6842,7,1,1
6584,5,14,2
6446,59,14,8
6330,5,5,5
6329,161,21,8
6347,1450,424,48
6334,28,16,3
6483,14,6,2
6404,145,43,18
6364,46,40,5
6333,3,1,1
6384,4,3,3
6342,842,373,49
6338,2,4,2
6355,1,0,1
6354,1525,390,180
6356,1,0,1
6361,18,18,6
8921,995,511,15
6365,19,19,2
6370,197,31,15
6439,54,9,2
6411,54,9,2
6380,32,32,14
6367,648,61,12
6369,33,84,4
6417,4,3,2
6433,452,299,25
6374,16,2,1
6676,1,4,2
6378,11,0,2
6405,463,9,9
6379,1,2,1
6385,1,1,1
7096,239,78,12
6423,222,60,3
6395,224,63,3
6392,10,6,7
7111,453,48,14
6393,5,0,1
6509,10,0,1
6400,46,10,1
7425,7,5,1
7886,7,5,1
7424,7,5,1
7015,89,4,2
6403,89,4,2
6440,94,5591,73
6406,30,5591,70
6432,2,2,1
6421,2,2,1
6459,39,6,1
7125,2,0,1
7485,1,0,1
7466,0,1,1
7484,1,0,1
7467,0,1,1
6416,14,8,4
6419,253,40,6
6685,3,0,1
6864,11,1,1
6760,2,1,1
6527,46,0,2
6422,28,14,4
6425,11,9,1
7108,398,44,5
6988,98,4,4
6435,4,1,4
6434,4,1,4
6504,1362,58,72
6441,1347,46,68
6442,13,24,1
6554,407,24,10
6555,409,25,10
6457,6,6,2
6458,19,9,1
6465,9,4,1
6464,9,4,1
6519,257,105,12
6568,213,161,10
6917,40,3,1
6480,140,48,10
6479,3434,90,7
6481,136,51,6
7490,4,1,2
6749,16,16,1
6744,24,16,1
6764,14,8,1
6488,2,2,1
6487,2,2,1
6496,1,1,1
6497,1,1,1
6499,249,8,7
7218,301,5,5
6511,8,56,1
6587,216,0,7
6588,221,2,7
6531,550,38,19
6608,3,2,1
6513,54,12,3
6516,7,6,1
6515,7,6,1
6597,42,45,5
9227,444,12,15
6721,5,6,1
9267,340,109,21
8422,190,29,6
8953,302,50,18
9236,50,302,18
5483,57,30,10
5440,882,15,18
6522,8,7,3
7952,33,7,9
6523,1,1,1
6726,3,3,1
8176,634,11,5
6547,120,1,8
6540,142,193,10
7302,1131,7,9
7056,251,41,7
6541,433,157,20
6560,290,167,20
6543,434,156,20
6911,86,1,2
6902,86,1,2
6722,115,3,3
6828,25,1,1
6548,2,2,1
6552,0,1,1
6558,106,75,12
6553,16,14,1
6570,141,3,2
6571,143,5,4
6706,1,1,1
6565,2128,240,50
6609,20,2,2
6567,2,1,1
6591,131,22,5
6931,1,16,1
6643,10,11,1
6579,830,473,86
6580,2249,1723,156
6581,1,1,1
6585,1,1,1
7030,27,18,2
6590,6,4,1
6808,7,2,2
6612,135,2,7
6600,322,98,19
6718,21,23,3
6593,1,1,1
6594,1,1,1
6603,1,1,1
6601,1,1,1
6602,7121,1334,337
6611,190,70,3
6628,2,2,1
6627,2,2,1
6657,6,0,1
6617,1,1,1
6620,1,1,1
6622,2,18,1
6638,1,1,1
6634,4,3534,27
6822,1077,32,3
6630,1565,354,2
6737,1461,349,3
6631,95,5486,53
6668,104,12,9
7305,338,36,9
7362,36,338,9
7369,348,13,10
6880,1,0,1
6879,1,0,1
6711,29,10,2
6819,10,3,1
6674,100,8,4
6642,2,2,1
6660,1772,486,66
6648,14,22,2
6652,1,1,1
6654,1,1,1
6655,1,1,1
6783,30,5,4
6725,18,17,3
6666,33,0,1
6766,44,354,14
6667,1,1,1
4555,180,109,7
4691,2585,645,97
4570,26,21,4
4694,2511,686,95
6914,43,5,2
6671,2,0,1
6672,2,0,1
6673,1,1,1
6669,3,4,1
6677,7,29,1
6163,231,1,4
6678,8,1,1
6682,1,0,1
6683,352,21,5
6878,193,4,1
6687,4,1,1
6693,96,2,5
7831,265,55,5
6906,13,4,1
6686,2,0,1
6697,173,0,3
6699,67,2,5
6700,12,2,1
6701,11,2,3
6702,1,1,1
10635,9,9,8
10272,3,2,1
10144,119,28,26
10646,3,73,2
9197,5,4,1
9501,94,40,10
9348,8,6,2
9006,65,105,10
8997,19,70,5
10195,1,0,1
8970,78,10,5
10168,146,93,36
9810,4,5,1
10244,22,25,22
9818,48,17,6
9736,25,11,3
9677,22,1,2
6719,140,31,7
6865,371,215,11
6926,358,212,9
6847,274,118,8
6963,118,274,8
6844,256,119,8
6727,10,2,2
6732,67,26,2
6731,10,6,1
6743,21,11,3
6797,4,42,4
6738,4,0,2
6740,41,19,6
9557,883,295,19
6742,2,0,1
6746,49,52,5
7101,1593,564,40
6893,230,0,5
6759,12,1,1
7371,47,13,6
6876,22,2,3
7095,71,25,18
6761,3,0,1
7158,1,1,1
6837,1,1,1
6836,1,1,1
7093,1,1,1
6796,4,1,2
7028,10,2,2
6848,1,1,1
6765,26,8,8
6872,234,21,6
7678,39,28,6
6775,4,0,1
6776,4,0,1
6774,1,1,1
6779,14,10,1
6780,43,11,2
6785,0,12,4
6857,3,0,1
6856,3,0,1
6799,23,13,2
7279,337,6,7
6787,3,2,1
6818,204,421,5
6788,204,422,5
6791,1,0,1
6790,1,0,1
6793,8,5,1
6800,1,1,1
6803,2,32,2
6813,1,1,1
6806,1,1,1
6862,42,3,2
6824,40,3,2
7067,7427,5379,520
6815,2,1,1
6829,228,0,4
6834,3,3,2
7874,396,0,2
6833,3,4,1
6838,314,473,41
6852,46,2,3
8167,1,1,1
8185,1583,28,22
6859,1,1,1
6851,100,21,1
6858,2,1,1
7023,4,1,1
7021,2,1,1
7004,12,1,1
6869,37,1,4
7234,56,1,3
6870,83,47,6
6883,27,0,1
7102,2,1,2
6942,1,0,1
6886,1,0,1
6941,1,0,1
6890,16,8,3
6894,231,0,3
7050,2,2,1
6905,2,2,1
5208,3378,4812,82
5089,2,0,1
5310,1048,39,13
4923,30964,60,236
4981,1663,208,28
7019,2,1,1
6918,51,0,5
4532,10014,26998,319
6921,11,1,3
6939,370,4,9
6945,1,21,2
7082,1,1,1
6969,1,1,1
6953,52,3,7
7079,13,3,3
6966,8,8,1
6967,69,9,6
6975,3,3,1
4796,498,148,14
7358,14,6,1
7202,6,38,6
6977,116,35,4
6981,1,0,1
6984,2,4,1
6985,0,29,2
4435,233,74,4
7010,19,1,1
7076,1,1,1
7003,45,18,9
7001,45,18,9
7528,20,9,1
6993,1,1,1
6994,28,0,1
7039,238,93,22
7025,103,8,5
7383,26,17,7
7002,22,5,1
7012,87,2,6
7011,1,1,1
7006,34,18,2
7174,6,831,6
7005,65,61,5
7007,16,10,4
7014,2,0,1
7016,25,4,2
7017,969,1,13
7488,633,470,8
7474,633,470,8
7031,1,1,1
7059,80,14,4
7032,1,4557,31
7038,151,46,31
7035,52,34,17
7034,52,34,17
7053,475,23,4
7068,79,2,3
7071,50,16,5
7259,14,27,3
7040,2,6,1
7045,40,0,2
7047,6,3,1
7319,14,7,2
7754,17,7,2
7122,7,1,1
7063,6,4,1
7057,3,3,2
7058,2,2,2
7060,178,1,4
7154,148,281,64
7061,150,283,65
7062,73,53,27
7070,1,1,1
7075,1,1,1
7072,4,44,4
7144,462,8,11
7440,612,37,24
7441,605,37,22
7145,499,8,13
7253,174,10,6
7103,1,1,1
7110,63,5009,36
7088,17,6,1
7091,145,52,4
7097,5,4,2
7099,2,15,2
7116,240,217,31
7121,352,0,9
7112,3,3,2
8149,45,48,5
8019,25,9,4
7109,1,1,1
7179,1,0,1
7768,1,1,1
7113,1,1,1
7115,4,1,1
7118,2,0,1
7291,3,2,1
7120,8,3,1
5871,53,105,5
7815,1,1,1
7126,0,539,5
7132,1,1,1
7133,17,9,2
7811,296,886,21
7134,21,38,2
7138,6,2,2
7213,435,46,3
7257,52,433,5
7318,72,0,3
7228,7,9,3
7153,4,3,3
7137,4,3,3
7212,3,4,3
7992,42,32,9
7139,2,0,1
7141,8,5,1
7143,672,755,18
7205,127,0,3
7150,36,31,3
7278,130,47,9
7163,2,2,1
7147,1,1,1
7149,1,1,1
7155,14,5,1
7216,12,3,1
7152,3,2,1
7159,196,114,11
11861,290,291,154
7298,1,1,1
7793,0,2,1
7185,160,39,22
7170,4,1,1
7168,2,2,1
7176,7,0,1
7345,43,37,7
7337,53,61,8
7175,12,0,1
7208,2,4,1
7231,0,173,4
6952,499,428,23
7200,0,4,1
7188,1,162,26
7420,120,77,17
7434,122,52,7
7178,0,1,1
7183,641,1,9
7181,0,4,1
7182,18,24,2
7879,520,18,18
7593,12,12,1
7195,1,1,1
7438,1,1,1
7194,1,1,1
7229,42,9,2
7206,49,29,1
7207,155,127,13
7222,1,1,1
7238,12,2,2
7266,0,331,3
7244,60,2,2
7249,57,0,1
8724,0,1,1
7245,84,26,4
7246,195,106,2
10293,63,0,3
7252,13,11,1
7311,371,0,1
7262,1,1,1
7282,1,1,1
7254,8,2,1
7283,1650,619,39
7273,1373,605,36
7605,1663,631,42
7272,1369,604,35
7859,380,152,17
7589,18,19,1
7503,88,0,2
7534,96,8,4
7526,96,8,4
7260,59,22,7
7277,58,23,2
7261,8,2,2
7264,92,7,4
7749,27,100,19
7270,1,1,1
7274,276,0,4
7275,14,1,1
7922,0,68,1
7407,11492,5128,243
7309,43,0,1
7306,43,0,1
7328,45,18,5
8202,231,84,11
7292,6,486,10
7295,10,4,2
7327,10,4,4
7301,29,32,2
8500,141,6,4
8512,846,199,29
7303,35,20,1
7310,3,0,1
7308,31,1,2
7313,13,0,1
7317,6,3,1
7321,163,38,11
7323,4,37,12
7324,8,8,1
7325,0,77,1
7326,0,71,41
7329,56,63,18
7330,1,1,1
7333,12,22,8
5467,4347,3,12
7338,8,2,1
7339,4,9,5
7340,2,2,2
7341,7,14,4
7382,14,12,4
7348,5,20,1
7374,1,1,1
7547,2,166,3
8245,778,363,36
8095,252,49,4
8081,84,12,5
7354,154,30,9
7918,2,1,1
7595,577,65,18
7395,283,36,14
8050,882,163,26
7353,97,8,6
7355,47,12,7
7417,12,37,2
7360,266,15,5
7460,490,36,9
7472,3,3,1
7471,3,3,1
7461,490,36,9
7377,3593,15,9
7456,2,6,1
7455,2,6,1
7367,178,4,8
7372,1,1,1
7381,3,0,1
7384,1,1,1
7385,1,1,1
7386,2,1,1
7387,16,0,3
7543,317,69,18
5110,2,2,2
4905,53,37,9
4988,55,5,6
4889,14265,953,219
4917,607,467,10
4975,2,2,1
5035,2,1,3
5125,2,2,1
7390,46,303,15
7400,390,513,117
6498,320,95,22
7435,2,2,1
7436,2,2,1
7882,3,3,1
7840,2533,2114,99
7406,56,594,8
7410,25,0,3
7520,428,125,14
7562,29505,1142,284
7623,1520,142,37
7705,1004,97,12
9364,326,200,42
9358,317,199,41
9356,316,198,40
9912,18,67,11
8474,18,67,11
7412,1,1,1
7647,624,18618,249
7429,1,1,1
7427,1,1,1
7426,1,1,1
7418,88,35,9
7419,12,6,4
7478,49,13,10
7422,48,12,10
7423,48,12,10
7431,62,8,3
7432,62,8,3
7421,62,8,3
7428,41,5,1
7450,41,5,1
7451,1081,9,22
7653,6,2,2
7458,2,0,1
7454,25,0,3
7453,25,0,3
7481,3,4,1
7480,3,4,1
7470,20,12,1
7469,20,12,1
7849,659,35,10
7477,2,2,1
7479,67,9,6
7495,185,83,10
7677,30,9,4
7701,47,15,3
7506,36,25,8
7507,36,25,8
7563,164,29,9
7601,51,103,6
7497,103,51,6
7696,2,1,1
7559,352,56,13
7509,11437,2127,266
7521,164,0,2
7549,10,1,2
4585,320,287,18
7545,2,8,3
8721,3217,298,50
7670,1,1,1
7671,1,1,1
7573,4,0,2
7724,2,2,2
7525,52,7,2
8535,6,2,1
7524,52,7,2
7531,6,0,2
7648,102,39,4
7530,3,3,1
7529,3,3,1
4475,2,2,1
7536,58,8,10
7702,1219,608,30
7739,37,1010,33
7651,73,9,6
12877,1046,53,33
7548,1,1,1
4693,2005,280,52
4437,1598,210,68
7554,11,1,1
7576,303,17,16
7561,1,1,1
7558,1,1,1
7673,989,0,12
7560,970,0,12
7582,990,0,12
7758,602,47,13
7565,1,1,1
7564,1,1,1
7566,3,3,1
7567,3,3,1
7568,97,18,7
7688,1,0,1
7575,41,6,2
7574,41,6,2
7592,9,1,3
7578,531,0,10
7588,20,1,1
7747,2,0,1
7581,1,0,1
7587,20,1,1
7685,3,3,1
5766,266,110,7
7583,18,6,3
7591,18,6,3
7584,1,1,1
7585,3,1,1
7710,0,148,1
7706,0,148,1
7603,6,22,6
7602,6,22,6
4824,1620,153,56
4598,1613,150,53
7599,1,1,1
7609,12,1,4
7608,12,1,4
7795,1129,32,18
7604,41,9,7
8849,12,11,1
7927,352,451,35
7607,1,1,1
7744,377,62,14
7835,541,72,22
7878,297,0,2
7617,1,1,1
7613,1,1,1
7668,7,35,5
7619,2,1,1
7620,2,1,1
7627,70,6,4
7622,10,8,6
7621,10,8,6
7628,1,1,1
7650,3,0,1
7630,4,1,1
7629,4,1,1
7631,14,1,3
7632,15,1,4
7806,4504,150,71
7735,6,8,1
7636,130,34,6
7712,33,3,2
7713,33,3,2
7640,235,0,4
7639,222,0,4
7869,282,156,11
7641,46,18,1
7642,14,1,2
7663,1,1,1
7682,93,63,10
7645,3,0,1
7661,283,908,44
7699,116,1,2
7667,324,2,7
7684,38,9,5
7689,10,0,1
7687,12,0,2
7681,2,0,1
7876,1,0,1
7686,57,52,10
7683,5,0,1
8400,0,2,1
7786,1268,10,25
7691,284,0,6
7700,3531,30,41
7692,9,9,2
7694,3,49,7
7698,9,0,1
7695,0,3,1
7717,78,1,3
7852,78,1,3
7697,74,1,3
8112,131,63,9
7704,9,4,1
7707,4,25,4
7708,2,2,2
7715,1,1,1
7757,249,341,8
8790,16,35,2
8612,136,18,4
8811,389,73,12
7312,723,689,30
5196,935,333,164
5036,130,9,3
5079,59,35,3
5178,1,1,1
5023,1385,152,37
5043,1429,19,15
5170,260,21,6
5166,1982,42,16
4908,403,199,4
5144,81,14,4
5148,369,1,3
5098,46,3,4
5097,9,9,3
5112,6823,1634,121
5354,520,34,5
5068,20,3,2
5051,180,577,39
5138,22,6,2
5233,2,1,1
5044,403,74,23
5006,1847,326,63
4982,4873,2154,301
5225,80,84,8
5072,79,51,9
5179,8,3,1
5218,20,16,3
5024,148,36,9
4960,5129,792,140
5277,12,24,2
5115,1805,225,58
5116,439,111,18
5365,43,9,5
5096,48,0,1
5250,191,27,12
4903,17,7,3
5245,10,2,1
5242,7,0,2
5273,529,79,26
5348,101,18,5
5267,192,4,3
4884,22629,1026,356
4880,31,3,1
5318,70,17,7
5269,105,5,4
5575,3,1,2
5108,1689,1132,39
5106,84,18,4
5087,2,2,1
5099,285,0,3
5315,410,299,26
5182,147,9,11
5238,2,2,1
5439,800,0,9
4899,356,115,23
5344,186,179,16
5067,325,32,16
6438,74,1,3
4753,176,58,15
7822,77,2,4
7829,80,92,13
7814,1,1,1
7737,1,1,1
8513,22,8,1
7750,8,17,3
7740,3,16,1
7752,13686,2,93
8246,1856,0,26
7745,1,1,1
7764,486,45,15
7863,481,86,18
7746,0,2,2
7748,235,0,3
7760,10,8,1
7759,1,1,1
7891,6,1,2
7767,32,15,2
8291,14,0,1
8339,9,2,1
8403,7,1,2
8427,5,0,1
8714,6,4,2
8632,11,7,3
7920,1,1,1
7862,144,4,6
8370,21,0,1
7940,2,2,1
7843,2,2,1
7797,2,0,1
7807,31,1,8
7800,0,0,1
7802,5,7,2
7805,503,48,15
7854,1,1,1
8232,8,8,4
9376,403,37,8
12950,0,2,1
12953,0,2,1
12954,0,2,1
7821,1,0,1
7820,1,1,1
7848,148,32,4
7833,1312,0,8
7826,27,0,1
7872,1,1,1
7827,10,18,2
8447,50,8,5
7986,1,1,2
8241,2,0,1
7893,222,3,6
8071,115,23,6
7941,72,10,18
7865,64,10,16
7942,65,13,5
7841,1,1,1
9669,1898,30,46
9707,1896,30,46
9702,1895,30,46
7875,20,14,1
7845,60,6,5
7836,90,10,5
7880,140,16,4
7856,4,2,2
7860,566,0,9
7864,15,0,3
7919,12,10,1
7866,18,3,2
7867,10,7,1
7899,1,1,1
7885,1,1,1
7884,266,1587,24
7877,3,4,1
7888,0,1,1
7883,7,1,2
7906,78,69,2
4654,103,25,7
4622,178,13,7
7915,1,1,1
7913,1,1,1
8559,16,1,2
7921,38,91,6
7925,4822,0,65
7923,1,3,2
7950,118,89,21
8254,33,43,2
8236,70,61,7
5080,4824,14,73
4779,954,4,27
4812,1009,4,28
8619,88,29,7
8637,3,6,1
7964,268,100,17
8014,22,1,3
7949,31,2,2
7977,188,7,4
7929,1926,726,115
8828,155,0,4
13256,15,1,2
4868,5696,1025,124
7928,1,1,1
7947,1,0,1
7934,161,113,8
4429,1,1,1
4453,27,19,10
7943,1,0,1
7944,0,60,3
7976,8,9,2
7955,76,41,4
8244,35,8,6
8238,30,22,2
7962,5,0,1
8133,21,91,2
7985,21,91,2
7984,13,10,2
7983,13,10,2
7960,57,28,4
7970,199,57,8
8097,7,15,4
8094,7,15,4
8163,45,22,5
7969,1753,67,42
8151,1,0,1
8157,1,0,1
8150,45,8,1
8001,0,30,1
8732,2,1,1
8360,13,1,2
10048,54,21,8
8425,64,20,19
8475,46,19,13
8484,1,1,1
8053,221,107,11
7973,30,34,3
8020,174,94,15
8017,184,97,16
8015,8,1,1
8390,4,0,1
8113,241,178,8
8418,17,1,1
8005,12,2,2
7978,17,5,1
8259,892,770,24
8045,69,5,4
7980,94,4,3
8221,137,71,26
7981,1,0,1
8194,764,742,58
7996,61,11,3
7987,1,1,1
7997,54,2,4
8037,9,2,1
7993,52,15,8
7998,1,1,1
4433,1151,216,25
8018,2,0,1
8002,1,0,1
8312,29,26,1
8003,0,2,1
8047,2,0,1
8032,285,0,6
8011,1,1,1
8004,5,4,1
8670,416,0,8
8006,1,1,1
8115,9,10,1
8093,20,26,1
9443,1,2038,25
8175,0,1603,20
8055,1,1,6
8073,194,19,5
8021,1806,788,78
8024,80,80,5
8164,6,0,1
8439,84,10,3
8949,1,0,1
8034,10,56,4
8068,15,11,4
8041,26,28,5
8066,5,2,1
8048,54,1,3
9362,49,0,2
8049,153,1,4
8072,1,1,1
8060,2,1,2
8067,6,1,3
8064,5,0,1
8062,20,9,10
8851,14,1,2
12450,242,7,8
8080,21,18,9
4727,539,208,21
8090,32,16,16
8235,126,3,5
8076,7,2,2
8119,86,23,5
8109,105,7,4
5088,8,8,5
5423,596,1,6
5425,616,2,7
8217,8,5,4
8083,11,8,3
8092,1,0,1
9981,10,57,4
8118,8,12,1
8110,0,4,1
8391,17,5,5
8393,12,4,4
8111,1,0,1
8120,1154,0,17
8128,927,30,17
8350,11,8,1
8331,47,6,4
8117,14,28,1
8124,128,43,3
8122,1,1,1
8125,1,1,1
10545,197,1,3
8371,2,2,1
8147,2,1,1
6125,260,166,14
5895,508,201,26
5901,522,219,28
8178,111,56,1
8156,2,2,2
8158,426,157,9
8190,2,2,1
8183,507,82,32
8154,2,1,1
8166,1,1,1
8173,1,1,1
8168,41,8,3
8170,3,3,1
8169,1,1,1
8242,15,4,4
8171,218,37,11
8181,1,1,1
14409,81,85,3
14491,51,3,1
8188,8,5,1
8197,11,13,1
8192,13,11,1
8378,20,7,2
8189,15,11,2
8195,1,1,1
8196,4,2,2
8200,35,19,2
8292,9,9,1
8319,428,0,5
8203,436,0,5
8258,9,2,1
8206,29,74,6
8296,710,676,46
8326,812,696,53
8209,74,0,3
8212,440,554,35
8210,75,0,3
8215,110,11,4
8218,2,2,1
8219,195,105,4
8240,55,2,3
8224,53,2,2
8227,85,146,3
8295,85,146,3
8297,87,147,3
8412,1,1,1
8453,2,2,1
8225,7,1,1
8256,2,2,1
8226,12,10,3
8340,11,19,7
8228,1,1,1
8922,81,4,3
5681,926,86,26
8234,29,11,9
8269,16,17,6
8272,41,6,3
8278,1559,81,37
8280,1617,90,44
8253,1,1,1
8385,443,154,15
8257,10,6,1
8277,94,0,2
11477,8272,1361,240
8260,1,1,1
8262,2,1,1
8265,20,11,6
8676,3,1,1
8303,17,4,5
8270,8,8,1
8463,2,2,1
8273,28,8,2
8323,147,69,8
8322,147,69,8
8597,71,18,12
8565,98,18,17
8481,78,123,16
8610,139,94,9
8456,6,1,1
8860,50,8,4
8275,0,47,2
8286,23,3,4
8282,68,799,26
8284,4,218,5
8321,72,117,6
8454,342,125,6
8285,5,0,1
8287,5,3,1
8366,2,2,2
8973,29,18,5
10634,29,124,8
8294,34,30,2
8345,72,21,5
8298,1,1,1
8771,33,42,2
9936,45,44,3
8302,0,0,1
8301,7,1,3
11476,7497,1280,228
8307,14,78,2
8356,5,5,1
8344,6,1,2
8290,1,1,1
8318,150,15,3
8327,357,161,5
8320,1,1,1
8329,26,288,2
8697,31,2,1
8701,30,2,1
8334,3,4,1
8359,3,4,1
8338,388,13,23
8532,44,10,4
8333,41,164,18
8669,7,1,2
8757,25,0,1
8341,8,8,3
8365,39,18,1
8381,303,4,7
11007,545,9,11
8351,40,1,2
8357,2,1,1
8367,85,285,7
9122,141,368,8
8354,0,13,1
8372,8,0,2
8355,22,4,5
5641,55,12,5
5609,529,539,64
5639,163,162,24
5640,309,366,35
8362,10,5,1
8387,20,24,1
8361,46,4,6
8369,6,5,3
5964,0,36,1
8419,0,122,1
8375,1,1,1
8388,1,1,1
8627,1,1,1
8384,144,142,24
8420,5,0,1
8386,18,1,1
8407,10,0,2
8389,54,7,1
8580,510,27,11
8404,33,2,4
8396,1,1,1
8392,0,1356,12
8432,409,190,27
8395,2,2,1
8397,30,14,3
8483,6,6,1
8413,34,18,4
8406,41,6,14
8399,10,10,2
9803,81,78,10
9066,138,53,9
10040,398,22,3
8520,43,10,2
8405,0,7,1
8411,1,1,1
8409,5,10,2
8410,1,1,1
8414,14,9,3
8415,54,65,14
8478,31,11,6
8423,21,6,8
8445,68,6,4
8441,20,4,2
8430,12,9,1
8431,2,2,1
8434,497,2681,46
8457,263,2370,26
9030,44,0,1
8435,2,3,2
8436,565,0,6
9161,5140,555,98
8443,20,4,2
8438,161,0,2
8444,53,0,4
8451,2,4,2
8446,4,4,3
8448,8,5,4
8449,3,0,1
8450,25,6,3
8494,943,927,7
8461,0,1,1
8561,1,1,1
8468,52,26,1
8465,36,57,9
8455,15,2,1
9305,0,13,5
8462,14,21,2
8569,5,4,2
8567,1,1,1
8617,117,5,10
8589,10,1,1
8458,24,7,5
8471,1,1,1
8472,4,0,1
8473,7,0,2
9822,5,52,4
8758,1101,779,20
8516,87,286,6
8477,19,18,6
8476,138,51,19
8497,62,137,8
8480,1,1,1
8630,12,12,6
8624,13,13,7
10585,440,0,1
8487,74,28,1
8492,5,1,1
8642,73,2,2
9186,2684,17,17
8496,176,2,11
8506,1,1,1
8499,193,63,3
9250,1090,99,6
8523,63,193,3
9231,1465,169,16
8504,1,1,1
8507,12,12,4
8562,3,0,1
8640,21,0,3
8712,64,5,5
9108,4,0,1
8600,1,1,1
8510,79,101,8
8511,9,0,1
14060,18,0,3
8514,67,16,20
8515,15,1,6
8517,4,10,6
8518,6,4,4
8522,5,0,1
8633,1,1,1
8529,1,1,1
8827,89,1,5
9059,1,0,1
8533,5,3,1
8537,10,5,6
8534,6,7,1
8667,13,8,4
8540,27,12,4
8542,1,1,1
8541,4,3,1
8545,2087,3,12
8547,1,1,1
8548,5,1,1
8558,2,1,1
8553,1,0,1
8564,1,1,1
11279,0,7,7
11055,0,11,6
11042,0,17,2
8556,12,5,1
8959,11,11,1
8557,1,1,1
8563,3,3,2
8623,17,5,5
8651,17,5,5
8566,0,21,2
8568,22,0,5
8572,23,0,1
8574,98,0,2
8573,1,1,1
8576,10,6,2
8575,0,5,1
8577,12,12,1
8579,4,0,1
12602,2249,331,64
12597,1826,325,57
8581,16,6,1
8682,33,3,1
8611,1297,12,15
8595,8,2,1
8591,9,2,1
8594,20,17,2
8606,6,0,4
8599,9,1,1
8658,2,2,1
8598,18,0,4
8601,6,6,6
8602,67,61,1
8603,46,19,3
8628,151,45,4
8646,859,862,65
8643,621,811,53
8608,13,3,2
8659,5,4,2
8609,1,1,1
8618,858,21,17
8614,1,1,1
8616,98,6,3
8621,2,1,1
8625,4,0,2
8631,95,70,4
8629,1,1,1
8636,8,47,5
8639,7,2,1
8680,13,0,1
8829,1,1,1
9048,10,6,3
8644,13,5,2
8654,68,20,15
8661,429,263,29
8803,2,2,2
8653,9,9,9
8650,6,2,3
8699,1,1,1
8656,453,10,9
9391,31,17,1
8655,40,22,3
8662,40,33,6
8668,16,11,3
8660,55,34,3
12498,452,13,16
12268,2665,18,57
12529,0,3,1
12481,2657,17,57
12291,1690,17,33
12490,1825,11,45
8663,0,1,1
8753,2,2,1
8665,6,2,3
8666,2,1,1
8689,151,0,7
8671,0,1,1
10636,2,2,2
8673,2,2,1
8705,1,1,1
8733,4,1,1
8675,3,1,1
8725,22,24,2
8688,3,0,1
8796,6,1,1
9915,7,0,1
10006,6,1,1
9107,4,2,2
8819,8,1,1
8789,8,1,1
8801,4,0,1
10741,14,2,1
8802,8,1,1
8809,72,4,2
8738,6,0,1
8800,36,11,5
10017,3,1,1
8751,7,1,1
8683,98,28,11
8684,9,0,2
8681,9,5,1
8718,420,24,8
8685,3,0,1
8686,2,1,1
8735,316,316,10
8730,2,2,1
8734,6,6,1
8731,307,45,5
8745,134,68,5
8691,0,4,1
8693,4,3,1
8794,240,115,13
11350,0,7,1
11469,31,18,2
8761,126,134,13
10213,117,84,7
8695,5,0,1
8696,1,1,1
8698,0,23,2
8710,47,2,2
8708,1,1,1
8713,7,7,2
9191,32,7,10
8715,3,21,2
8752,6,2,3
8723,320,105,11
8728,68,0,3
8729,1,1,1
8727,60,3,4
8736,1,1,1
8782,1,1,1
8737,15,7,1
8739,2,10,1
8814,228,495,7
8742,7,0,1
8743,1,1,1
8748,479,3,2
8744,43,1,3
8746,5,5,3
8747,12,0,3
8749,9,2,2
8883,211,91,19
8750,0,4,1
8780,4,2,1
8784,31,35,3
8755,0,3,1
8756,1,1,1
8772,2,2,1
8770,69,156,11
8768,51,116,11
9309,612,341,15
8759,3,1,1
8763,8,8,8
8765,2,2,1
8766,120,0,1
8767,0,74,5
8773,116,117,7
9031,152,96,10
9626,58,47,2
8917,20,16,15
8786,1212,17,17
8787,1213,18,18
8779,153,4,4
8913,74,2,10
8785,6,5,1
8793,239,7,6
9972,0,2,3
8788,15,1,1
8799,15,2,1
9009,68,15,5
8989,46,15,5
8824,184,0,11
8791,8,4,1
8795,6,5,1
9021,7,1,1
8825,18,7,2
11351,82,85,47
8798,118,157,46
8797,137,10,4
9610,9,11,2
8820,0,0,0
8865,8,3,1
8804,18,12,2
8821,1,1,1
8807,23,23,6
8808,0,2,1
8810,109,16,5
8812,1,1,1
8813,37,2,1
8815,10,0,1
8818,6,4,2
11132,2,1,2
10977,37,27,13
10715,27,26,13
8836,8,0,2
8838,23,16,9
8895,4,0,1
8894,4,0,1
8888,10,0,1
9862,17,12,2
8870,9,0,1
10109,9,1,1
8887,10,1,1
10102,12,4,1
8893,4,2,1
8889,10,0,1
8890,10,0,1
9098,1,1,1
8868,9,0,1
8869,4,0,1
8867,8,0,1
8866,5,1,2
8822,195,1,5
8823,57,4,1
9025,49,30,4
9038,266,116,13
8861,117,10,4
8835,12,11,2
8839,3,3,1
8840,1,1,1
8841,1,0,1
8879,8,1,2
9601,224,31,14
8845,730,227,23
8843,4,4,3
8844,1,8,5
8904,45,0,3
8848,1,1,1
8850,1,1,1
8863,79,73,1
8963,0,4,1
8854,4,1,2
8862,325,12,9
8881,17,99,5
8864,12,0,1
8873,2,2,1
10818,24,0,1
9076,567,9,17
8875,9,9,9
8877,8,8,8
8878,99,1,4
8880,1,1,1
8902,476,6,12
8900,6,5,1
9045,4,1,1
8942,5,6,1
9734,49,21,4
8884,16,4,1
8885,384,9,15
8886,2,2,1
8910,20,9,3
8897,30,8,4
8898,1,8,1
8899,3,2,1
9003,1,1,1
8952,100,2,11
8905,7,7,6
8906,1,1,1
8918,484,42,15
8938,17,16,1
9518,35,8,6
11660,208,32,19
9033,37,1,4
8911,1,1,1
8914,825,260,57
9905,119,10,4
9170,260,4,9
8939,9,1,2
9329,218,81,3
8852,138,0,5
9355,2253,90,51
8923,3,0,1
8925,1,1,1
8944,333,111,25
8936,34,1,2
8932,1,1,1
8927,7,0,1
8928,2,0,1
8931,7,10,11
8933,4,0,1
8934,14,4,3
8996,5,3,1
13761,642,39,12
9262,6,0,2
8941,12,0,1
9523,1,1,1
9617,101,0,3
8946,3,1,1
8948,1,1,1
8956,2,2,2
8962,14,8,2
11188,8,8,7
8961,20,52,12
12000,148,76,6
12179,148,75,5
8954,29,0,1
8955,8,1,1
8958,6,7,1
10735,9,9,1
8960,0,6,3
8964,1,2,1
9218,342,342,341
8966,16,44,4
5583,162,175,1
5569,14,15,1
9047,2,2,1
8969,1,0,1
9360,287,98,21
8971,20,0,4
8972,12,14,1
8977,2,0,1
9770,0,2,1
8979,6,3,1
8980,1,1,1
8995,2,2,1
8985,17,73,1
8987,72,2,4
11306,14,4,1
8992,157,78,8
9321,225,8,7
9322,14,8,1
9521,1,1,1
9081,188,14,4
9022,766,738,54
9908,848,848,65
9162,1,626,19
8998,626,1,19
8999,13,12,3
9235,83,20,11
9148,83,20,11
9016,1301,19,15
9230,20,83,11
9000,6,8,1
9036,0,5,1
9043,11,0,1
9001,5,0,1
9002,1,1,1
9004,6,6,2
9005,1,1,1
9051,33,6,4
9007,17,2,2
9010,10,25,4
9019,58,10,6
9008,1,1,1
9014,84,476,17
11317,4616,4748,129
9023,9,4,1
9026,1,1,1
5725,280,21,12
9032,1,1,1
4656,5,5,1
4600,184,29,18
8528,1074,0,13
9035,81,54,7
9041,8514,709,26
9057,1,484,5
10180,144,95,5
9044,1,1,1
9046,2,1,1
9052,795,363,33
9310,989,415,92
9049,249,0,4
9050,1,1,1
9413,18,10,6
9257,18,10,6
9129,379,28,9
9055,0,2,1
9056,16,7,6
9058,3,0,1
9065,13,16,2
9074,13,16,2
9064,2,2,1
9070,2,2,1
10457,30,14,6
9075,70,0,3
10717,20,10,3
9067,0,1,1
9381,1,1,1
9522,1,1,1
9083,56,3,1
9101,0,18,1
9102,0,18,1
9141,350,0,7
6530,167,6,7
9088,27,27,1
9092,25250,26196,1690
9091,1,1,1
9090,1,1,1
9089,1,1,1
4465,129,0,3
9097,7,2,1
9096,2,2,1
9105,2,1,1
9124,1279,21,12
9125,1279,21,12
9258,11,6,2
9256,4,0,1
9255,16,1,1
9460,3,0,1
9114,282,13,8
9117,42,18,6
9116,42,18,6
9115,282,13,8
9324,3579,669,197
9274,127,32,7
11791,1237,62,31
8957,3,3,1
9139,8,0,1
9126,125,1,4
9131,55,33,8
9136,0,4,2
9134,67,1253,24
9133,67,1253,24
9135,10,1,2
9754,59,144,6
10287,311,370,39
10212,760,466,32
10283,1184,881,54
10301,1378,1401,39
9145,57,228,18
9185,56,227,17
9143,2,2,1
9146,1,1,1
9147,1,1,1
9149,10,8,1
9163,292,80,12
9151,727,1,15
9154,4,11,1
9155,1,1,1
9156,6,9,2
9158,5,1,2
9167,9,0,2
9215,680,16,10
9647,288,3,5
9164,19,15,2
9172,4,0,1
10721,26,374,19
9169,60,54,9
9171,3,0,1
9173,32,0,1
9349,16,0,1
9246,0,32,1
9174,1191,64,8
9207,16,18,2
9332,165,50,4
9658,17,17,1
9634,37,8,2
9790,376,206,3
9196,2,2,2
9565,1650,312,72
9175,1,1,1
9735,1,1,1
9176,1,1,1
9178,61,7,3
9200,494,13,13
9179,134,17,5
9182,24,24,1
9190,14,14,1
11442,0,36,2
11614,291,124,12
10686,14,2,1
10655,25,0,2
9183,26,26,1
9187,9,0,2
9194,306,1,6
8466,16,1,2
9024,16,1,2
9581,76,0,1
9331,68,17,9
9278,62,2,5
10265,1,1,1
14415,1296,328,25
9439,2939,1124,175
9195,1,1,1
9222,8,6,1
9198,6,0,1
9202,5,0,1
9203,56,1,3
9210,356,4,9
9204,31,5,9
9205,5,4,3
9251,39,21,5
9288,80,2,2
9448,6,9,2
4545,4,0,1
5038,915,2,15
9217,2301,134,36
9653,936,68,29
9219,1,1,1
9449,1,0,1
9226,3,6,1
9220,10,9,1
9272,3,4,2
9402,1,1,1
9225,1,1,1
9420,182,11,12
9300,77,16,4
9254,14,0,1
9366,1,0,1
9253,22,3,1
9228,18,7,2
9229,6,4,3
9261,20,2,3
9260,20,2,3
9245,3,3,2
9242,1,1,1
9244,1,1,1
9249,2,2,2
9259,17,11,11
9279,90,10,4
9265,30,9,3
9263,4,1,1
10689,507,407,65
9276,1447,2563,531
4441,1,1,1
9445,1,1,1
9264,17,17,6
9284,15,1,1
9281,118,23,11
9266,57,34,2
9269,151,162,4
9271,232,217,4
9427,60,19,3
9295,31,55,3
9280,1,1,1
9290,240,4,6
9283,2,81,2
9286,591,10320,166
10175,0,34,2
9292,1,1,1
9293,31,5,2
9296,1,22,1
9294,1,1,1
9297,16,4,2
9298,4,4,2
9303,93,1,5
9304,1,1,1
9306,94,30,2
9308,4,0,1
9323,74,40,2
9312,8,9,5
9318,12,2,2
4878,882,179,18
9320,136,71,13
9325,144,108,12
9398,71,0,3
9326,134,59,20
9368,9,7,3
9327,7,7,1
9346,1,1,1
9432,0,4,1
9334,5,1,1
9335,172,51,27
9341,2,0,2
9337,3,3,1
9338,3,0,2
9339,161,24,10
9340,1,1,1
9342,13,12,1
9343,10,3,4
9743,2,2,1
9344,1,1,1
14031,15,15,3
9347,1,1,1
9354,2,1416,3
9351,1511,17,3
9350,1,1,1
9352,1,1,1
9353,18,18,5
9491,5,0,1
9371,647,487,61
9357,4,39,2
9361,37,3,1
9363,1,1,1
9506,59,18,1
9421,3,5,1
9590,1,1,1
9526,4,0,1
9367,1,1,1
9369,5,18,2
9401,8,29,2
9516,28,2,4
9380,7,1,2
9410,15,12,3
9370,1,1,1
9390,34,21,5
9388,15,18,5
9373,1,1,1
9472,1,1,1
9403,74,5,3
9397,109,4,5
9375,1,1,1
9377,66,0,5
9378,8,8,2
9383,49,29,2
9977,912,1227,213
9379,12,0,1
9739,2,5,1
9879,7,0,1
9386,0,3,1
9389,89,200,7
11835,358,433,106
11451,346,410,106
9394,13,9,3
9395,4,3,3
9411,699,306,35
9409,690,299,31
9399,1,1,1
9400,4,4,1
9407,1,1,1
9412,7,3,2
9415,1,1,1
9417,29,131,8
9428,1,1,1
6229,3,0,1
11099,43,199,5
9422,22,17,1
9425,37,33,6
9423,32,51,4
9829,5,0,1
9433,5,6,3
9438,155,87,7
9475,104,100,10
9680,0,4,1
9440,180,0,29
9437,425,0,6
9444,1,1,1
9446,3,0,1
11662,6375,647,283
9455,57,1,1
9452,57,123,28
9457,6,5,2
9476,30,74,10
9511,1,1,1
9451,1,1,1
9453,65,135,39
10264,11,1,1
9456,61,48,6
9486,185,13,7
9480,815,302,35
9458,8,4,4
9459,12,18,2
9461,3,3,3
9463,284,73,13
9464,59,5,2
9470,31,3,1
9643,555,107,39
9467,1,0,1
9478,2,0,2
9469,9,2,1
9474,7,2,1
9489,0,2,1
9477,1,1,1
9479,6,2,1
9493,2,6,2
9488,89,17,4
9482,30,7,7
9509,108,14,9
9498,1,1,1
10266,1,1,1
9483,199,64,5
9484,374,238,18
9485,89,19,6
9487,3,0,1
9490,77,71,9
9492,2,2,1
9517,431,7,10
9494,3,3,1
9777,1,5,1
9496,7,16,2
9497,1,1,1
11446,1,0,1
9508,353,0,3
9510,1,1,1
9512,28,4,2
9611,7,8,1
9515,332,39,14
9519,22,22,4
9520,8,3,4
9524,3,3,3
5511,17,6,3
9527,0,190,1
9685,10,0,2
9528,455,518,36
9529,51,42,2
9530,17,23,5
9535,1,1,1
9600,13,0,3
9536,146,31,6
9591,37,1,2
9721,74,58,11
4840,958,28,24
9583,6,1,2
9831,11,3,3
9538,1,1,1
9570,692,36,15
9540,3,3,1
9541,6,4,2
9525,30,31,3
9554,27,27,3
9553,26,26,3
9568,355,5,13
9544,1,8,1
9543,2,1,1
9558,634,26,9
9550,1,1,1
9556,2,1,1
9609,1,1,1
9559,123,0,1
9564,1,1,1
6429,173,74,6
5184,1,0,1
6428,173,74,6
9562,6,8,1
9571,70,19,5
5107,9,9,1
9573,3,180,6
9575,1,0,1
9576,2,6,1
9578,0,92,2
9577,454,362,14
9579,1,0,1
9580,7,0,2
9660,1,1,1
9582,46,69,4
9599,7,0,2
9635,3166,1214,89
9638,3161,1209,89
9586,1,1,1
9632,343,305,25
9710,117,3,3
9687,628,0,5
9589,0,61,1
9592,15,86,6
9815,26,6,3
9594,2,2,1
9614,2,2,1
9602,0,1,1
9866,520,0,8
9596,5,0,1
9714,2,1,1
9607,15,4,1
9603,267,348,23
9605,29,54,7
9608,79,25,10
9649,6,6,2
9615,7,7,1
9616,34,35,25
9619,2532,16,37
9620,80,12,4
9621,1,1,1
9622,57,0,1
9625,1,1,1
11588,11,11,9
11495,2,2,1
11585,9,9,8
11590,11,11,9
9624,24,21,1
9664,34,13,7
9798,1,1,1
9629,34,13,1
9631,8,4,2
9640,12,1,2
9636,1,1,1
9648,14,7,6
9655,499,0,10
9641,700,0,15
9652,6,1,1
14624,6,10,2
9654,455,363,14
9662,1,1,1
9817,10,5,1
9689,16,2,1
9692,152,21,6
9667,6,5,1
9670,25,11,1
9671,4,0,1
9672,1000,20,11
9674,25,3,3
9676,49,12,3
9675,3,5,1
9907,2,1,1
9679,2,0,1
6637,237,0,5
9682,19,3,2
9683,29,8,4
9684,21,0,5
9756,9,9,2
9690,20,0,8
9686,31,19,4
9713,4,2,2
10665,3974,3375,245
10852,2724,2676,243
10746,2676,2724,243
9694,7,4,1
10226,1,1,1
9695,0,10,2
4772,394,30,15
4761,1457,179,71
9699,4,4,2
9748,89,1,5
9744,2228,113,39
9732,1,1,1
9706,1,1,1
9731,31,440,22
9708,7,7,5
9709,1,1,1
9715,30,4,9
9712,1,2,1
9717,47,2,3
9718,68,8,6
9722,207,13,24
9791,1,1,1
9723,15,10,1
9724,2,1,2
9726,210,0,3
9729,56,10,4
9728,1,1,1
9784,1475,57,32
9749,1,1,1
9733,5,5,1
6164,9,5,2
9753,66,72,1
9747,3,1,2
9776,2,1,1
9752,8,0,1
9755,8,3,1
9906,7,1,1
9757,10,8,3
10088,7,11,3
9924,2,1,1
10546,1,1,1
9758,3,1,2
9759,1,1,2
9760,6,0,6
9761,256,54,15
9789,163,73,20
10280,94,25,10
9762,1,1,1
9763,63,50,3
9764,169,63,9
9766,102,59,7
9765,54,72,7
9769,4,3,2
9771,4,13,2
9797,17,5,2
9969,148,162,2
10039,82,13,2
9772,0,0,0
9774,25,23,5
9775,27,56,8
9779,1,1,1
9781,182,333,54
9800,1222,203,45
9785,0,4,1
9137,1,3,2
9787,2,2,2
9792,56,24,5
9794,3,0,1
9806,3,2,1
9808,1,10,1
9812,270,11,6
9811,1,1,1
9809,1,1,1
9846,10,1,1
9871,7,0,1
6578,6,5,2
6545,1,1,1
10652,13,0,1
9814,45,3,4
9816,63,10,5
9819,3,3,1
10224,2,2,1
10346,2,2,1
9827,108,122,13
9824,26,24,4
7037,15,2,1
9825,541,1,13
9826,5,3,2
9833,2,2,2
9834,45,35,4
9835,46,36,5
9989,152,113,2
10007,229,263,14
9750,363,708,84
10699,16,14,2
10679,1493,149,37
10368,3250,1216,33
10166,1,1,1
10131,258,7,4
10148,6,5,1
10518,545,5787,38
10467,281,1,4
9840,137,96,4
9841,104,30,2
9842,206,0,4
9844,7,0,1
9941,24,25,3
9845,1,1,1
10005,0,4,1
10082,177,6,5
10092,81,47,5
9868,29,48,4
9885,4,1,1
9848,48,29,4
9850,17,20,4
10481,1,13,3
9869,648,201,70
9893,651,202,70
9852,4,10,2
11059,4,1,1
11066,346,2,9
9853,63,4,2
10038,12,2,2
9859,4,63,2
12224,114,0,1
10173,23,3,1
10205,3,23,1
9857,4,0,1
9861,2,1,1
9864,12,2,2
9860,4,0,1
9863,4,1,1
9873,426,0,4
9867,46,1,2
9896,561,134,18
9895,12,8,5
9858,2256,2342,251
9914,1,1,1
9882,193,0,5
9875,2,0,1
9878,2,1,1
9881,1,1,1
9883,1,1,1
9884,13,17,10
9886,74,10,7
9887,13,6,1
9901,40,1,3
9888,35,11,6
9890,1753,191,24
10086,1,1,1
6088,465,0,8
9892,5,1,1
9899,158,2,3
9903,1,0,1
9909,1,1,1
10631,1,1,1
9933,32,10,2
9910,3,2,1
10211,9,3,1
9911,846,556,25
9920,1,1,1
4945,5,19,1
9916,16,3,2
9962,78,14,4
9944,1,0,1
9918,120,68,13
11193,4,0,1
9919,4,0,1
9921,1,1,1
9998,4,0,1
10403,179,13,5
10404,180,8,5
9965,54,2,2
9927,100,13,10
9926,10,2,3
9931,9,2,2
10066,2111,1,24
9928,194,307,10
9963,701,585,28
9938,20,14,11
9932,113,316,30
9925,1,1,1
9937,2,2,1
9935,40,14,1
6341,0,5,1
9939,157,192,16
10056,101,80,9
9942,5,1,2
9940,673,575,290
9943,13,6,3
10055,416,385,42
9945,2,1,1
9947,1,0,1
9948,100,67,7
9949,2,2,1
9968,24,41,6
9951,5,5,2
9952,1,1,1
9955,1,0,1
11077,10,0,1
10199,50,14,8
10051,185,3,2
9957,1,0,1
9964,8,12,2
9966,5,1,1
9967,2,5,1
9970,1,0,1
10279,1,3,2
9971,17,14,1
6932,61,54,2
9973,1,1,1
9974,5,1,1
9975,11,6,1
9979,2,2,1
9993,382,3,17
10016,534,111,22
9978,145,0,4
10649,337,49,7
9980,6,2,1
9982,1,1,1
10015,53,76,5
9985,25,70,3
10183,1157,62,5
9992,1,6,2
10013,2,2,1
9988,116,308,13
10049,0,50,7
9991,2,1,1
10003,26,208,24
9994,4,1,2
9995,1,1,1
9996,4,3,2
9999,4,2,3
10022,84,49,18
10004,1064,0,7
10012,11,13,2
10018,74,4,7
10024,2,1954,24
10119,1,1,1
10025,40,45,4
10026,8,6,6
10068,0,699,5
10027,0,450,3
9742,94,101,6
10034,0,13,1
10036,65,0,4
10042,2055,48,25
10210,193,8,5
10037,2,3,1
10157,16,5,2
10215,186,36,6
10200,32,2,1
10261,1,1,1
10126,2,0,1
10043,2,0,1
10052,3,1,2
10046,126,8,6
10047,50,1,1
10050,5,3,3
10059,30,33,6
10133,245,3,4
10053,43,17,3
10054,6,13,2
10058,44,36,4
10073,28,24,3
10309,419,17,6
10062,32,16,4
10178,19,2,2
10156,0,27,2
10061,27,0,2
10063,2,1,1
10064,17,17,3
4719,852,15,22
10067,3,0,1
10065,1,1,1
10075,7,0,1
10069,0,7,1
10161,0,7,1
10072,12,24,1
10074,1077,0,12
10159,7,0,1
10085,43,22,3
10079,515,10,9
10107,1244,63,29
10080,263,344,19
10081,1,1,1
10084,0,94,4
10090,4,3,1
10554,2,2,1
10093,5,1,1
10094,2,2,2
10096,2,0,1
10103,2,2,1
10116,613,0,2
10104,172,14,10
10106,15,19,3
10114,11,9,2
10296,52,153,7
10111,1582,397,44
10110,6,6,4
10115,7,1,1
10117,6,6,2
10118,35,34,14
10289,0,2,1
10228,133,0,2
10220,2,0,1
10223,109,90,14
10121,22,6,3
10764,1,18,1
4471,2,2,2
10124,5,0,1
10125,211,0,1
10147,7554,1987,339
10127,27,14,4
10128,114,64,6
10246,21,6,5
10239,12,2,2
10132,4,5,2
10700,9,1,2
10138,0,77,11
10135,42,1,2
10136,17,16,3
10137,10,0,1
10140,9,2,1
10150,119,75,19
10143,12,0,2
10155,1,1,1
10145,355,0,2
10146,43,18,3
10149,25,0,2
10158,1,1,1
10165,11,17,2
10190,17,11,2
10170,343,250,50
10171,345,251,51
10184,123,68,6
10234,37,21,2
10177,17,19,2
10174,10,11,1
10179,9,1,1
10238,124,1,3
10187,1,1,1
10181,5,0,1
10188,3,1,1
10185,8,0,4
10302,2,2,2
10192,58,38,1
10189,52,17,4
10191,17,2,3
10299,3,3,2
10194,4,4,2
10197,98,12,13
10273,365,0,7
10196,1,1,1
10198,1,1,1
10201,18,12,6
10229,3,2,2
10281,17,17,8
10358,1,1,1
10202,28,24,21
10257,2,2,1
10208,5,1,1
10242,8,16,1
10214,59,21,3
10216,1,1,1
10218,1,1,1
10219,0,150,3
10221,17,3,1
10233,13,1,3
10232,4,0,2
10245,16,125,18
10276,30,67,15
10235,11,3954,2
10282,64,1,2
10320,1,64,2
10326,64,1,2
10338,5,3,1
4445,29,29,2
10250,96,4,4
10319,88,109,6
10251,10,26,3
10253,3459,5,25
10255,1,1,1
10256,16,12,2
10258,8,4,2
10262,8,4,3
10263,1,0,1
10267,7,6,1
10435,113,25,8
10270,165,418,18
10277,1034,891,29
10269,11,20,5
10275,10,11,1
10292,2,1,1
10285,21,15,5
10325,5,1,1
10534,3,3,1
10349,13,2,1
10317,1,1,1
10288,36,5,2
10290,170,18,3
10295,59,8,9
10294,5,0,1
10304,26,10,2
10333,4,0,1
10647,23,0,1
10412,18,3,3
10348,13,1,1
10298,4,4,1
10300,1,1,1
10591,31,23,8
10303,7,7,2
10307,87,11,5
10630,293,9,17
10308,0,2,1
10313,290,401,47
10314,290,398,47
10315,15,10,3
10318,5,5,2
10463,64,85,4
10323,2,0,1
11673,4,2,3
10322,14,8,1
10328,139,60,8
10329,26,4,2
10324,1,1,1
10327,15,5,2
11672,594,188,17
10675,611,300,33
10343,140,38,11
10330,12,10,2
10331,1,1,1
10332,1,1,1
10379,4,3,1
10248,1,1,1
10347,206,243,7
10337,198,242,7
10335,8,4,1
10336,34,9,7
10339,4,1,2
10359,12,6,6
10341,8,0,1
10765,321,252,6
10365,645,0,6
10377,1,1,1
10854,23,2,3
10751,1,1,1
10548,151,62,9
10552,437,226,19
10355,4,1,1
10369,213,150,5
10356,2,2,1
10380,53,0,1
10357,0,2,1
8016,77,47,7
10370,38,30,6
10371,66,6,4
10372,2,2,2
10378,4,1,1
10381,1,1,1
10383,1,1,1
10384,7,7,1
10385,2,2,1
10570,3,1,1
10386,7,12,1
10387,1,1,1
10943,159,0,4
10402,57,0,3
10422,1,1,1
10388,1,1,1
10389,1337,2,18
10390,8,10,4
10392,67,62,26
6792,238,24,11
10397,6,2,2
10398,3,0,1
10431,9,3,3
10416,14,2,1
10399,12,0,1
10400,2685,2753,23
10415,2,1,1
10419,4,4,1
10620,3,3,2
4476,267,47,8
10405,1,10,1
10406,1,0,1
10411,3,3,1
10407,26,5,3
10408,1,1,1
10409,3,1,1
10413,3,6,1
10418,1,1,1
10420,10,13,3
10421,1,1,1
10426,1,1,1
10427,0,22,1
10428,265,0,3
10629,37,15,6
10430,24,9,6
10432,4,4,2
10433,10,2,3
4714,6,4,2
4708,9,9,4
10439,28,5,2
10454,80,79,8
10447,2,1,1
10453,2000,196,10
10451,1,1,1
10456,6,6,1
10678,433,114,21
10461,4,0,2
10580,14,36,6
10462,9,6,1
10493,61,59,1
10669,2,2,1
10464,42,4,7
10478,42,30,2
10466,67,16,2
11187,40,19,2
13755,53,20,2
10469,7,2,2
10468,32,301,9
10471,6,2,2
10473,7,0,1
10960,3467,146,79
10470,1,1,1
10474,0,143,2
11527,2634,1,28
10472,2642,1,30
10475,0,159,2
10476,0,57,1
11951,289,2,5
10477,1,1,1
10479,7,2,1
10480,14,4,2
10482,16,7,3
10484,39,76,5
10483,36,24,2
10487,24,24,7
10488,0,52,2
10489,0,171,3
10490,1,4,1
10492,4,3,2
10498,4,6,2
10491,4,2,1
10512,6,2,2
10633,314,346,16
10495,8,3,1
10496,1,1,1
10505,0,2133,16
10503,0,3,1
10504,0,60,1
10506,0,1004,5
10582,3361,425,45
10530,1034,96,12
10609,149,119,5
10777,2,1,1
12935,0,1,1
10509,147,63,3
10513,1,1,1
10757,3142,3510,277
10986,396,915,43
11000,915,396,43
10752,2244,3139,243
10662,42,5,4
10732,2,0,1
10520,7,4,1
10667,68,6,6
10702,15,12,4
10514,20,0,1
10517,3,3,3
10521,1,1,1
10522,7,3,1
10524,4,4,4
10525,65,22,4
10526,67,24,5
10527,1,1,1
10528,1,1,1
10529,143,180,29
10569,155,284,7
10550,46,42,6
10549,65,127,11
10563,749,939,28
10560,326,229,16
10533,1,5,1
10535,4,0,1
10536,11,26,3
10537,3,0,1
10538,1,166,2
10553,11,2,3
10541,6,0,3
10543,8,0,1
10539,12,2,4
10544,4,8,1
10540,54,10,3
10551,15,0,2
10555,4,2,2
10797,970,3,9
10676,131,4,3
10556,4,4,1
11759,72,0,1
10578,61,0,1
10558,1598,949,86
10572,12,3,1
10557,0,2,1
10587,79,5,7
10566,645,0,6
10996,365,159,15
10568,10,11,4
10727,739,232,30
10729,756,258,32
5846,6,6,6
10577,38,1,10
10579,75,0,2
13226,62,1,2
10584,18,7,4
11699,251,188,7
10586,52,18,5
10673,53,18,5
10690,5,4,1
12022,8,2,2
12731,260,78,5
10610,0,6,1
11702,99,1,5
10613,50,2,4
10666,1223,32,25
10605,28,3,3
10598,22,0,3
10599,7,0,1
10593,0,6,1
10596,5,7,2
10595,190,102,3
10597,4,2,1
12198,7,2,2
10600,22,27,5
10602,8,3,5
10643,14,1,1
10612,209,54,18
10608,4,1386,34
10611,8,2,2
10614,62,4,4
10749,2,1,2
10618,7,2,1
10726,7,2,1
10785,172,0,5
10621,68,3,4
6371,7,2,1
11355,3113,22,16
11001,247,0,3
10624,1,2,1
11105,488,175,25
12173,1237,163,25
12115,32,65,8
12141,118,88,14
10644,153,204,9
10639,226,225,15
10640,142,149,2
10637,5,11,1
10645,12,11,9
10638,32,813,42
10816,218,25,8
10650,207,0,2
10694,56,1,2
10695,60,5,2
10763,459,61,5
10648,6,2,1
10653,474,1139,63
10654,765,1152,99
10656,2,0,1
10658,8,12,1
10660,0,167,5
10663,13,99,2
10743,237,1228,1
10932,81,1,7
10677,42,7,1
10894,10,3,3
10672,2,2,1
10674,62,1,4
11008,19,2,1
6259,7521,72,25
10680,71,237,10
10681,71,237,10
10683,8,8,1
10684,2,566,8
10685,35,22,3
11525,3,1,1
11267,19,1,2
10692,1,1,1
10697,1310,3950,112
10696,473,576,277
10698,31,39,22
11030,84,92,36
10705,52,22,6
10708,74,32,6
10716,79,10,7
10709,11,3,2
10711,65,25,7
10712,29,13,3
10713,789,339,99
10704,52,18,8
10714,45,29,4
10707,4,1,1
11937,123,54,4
10740,14,17,3
10703,11,3,2
10710,6,1,1
10706,0,123,1
10739,1130,548,70
10815,22,4,1
10898,50,8,1
10771,98,0,2
10784,100,0,2
10748,12,2,1
11280,13,12,1
10722,85,1,5
10875,20,25,3
10725,292,21,17
5478,616,169,12
12391,7,3,1
10728,4,4,1
10731,18,22,1
10813,1,1,1
10733,3,2,1
10737,50,42,9
11069,204,13,11
10736,6,11,2
11465,1,1,1
11271,38,11,2
10745,1,5,2
11072,17,1,1
10754,2,0,1
10756,180,4,5
10804,224,115,9
10759,261,107,9
10761,73,107,4
10762,11,9,1
10940,54,4,9
11464,670,3,6
10769,45,44,67
10770,26,7,4
10805,53,0,1
10780,56,33,1
10788,190,29,10
10789,305,0,5
10791,1,1,1
10883,2,2,1
10829,797,1,25
10790,2,1,1
10795,104,1,4
10794,80,25,6
10796,21,21,1
10873,3516,251,48
10812,39,2300,105
10807,0,2211,35
10909,35,0,2
10809,20,0,1
10874,2,2,1
10848,294,1,4
10851,297,1,5
10817,53,144,5
10820,28,6,2
10832,210,5,21
10881,7,6,2
10822,2,0,1
11246,16,23,2
10826,7,0,1
10824,1,1,1
10823,10,2,2
10825,326,4,4
10828,314,4,4
10831,24,117,48
12318,50,65,3
10962,5,7,4
11015,6,1,3
10860,252,0,3
11426,95,575,10
11427,94,574,9
10835,474,480,85
10847,0,26,1
10855,17,5,3
11624,40,130,25
10858,1,1,1
10861,53,45,16
10905,0,7,3
10857,7,0,3
10864,1,1,1
4910,69,0,2
5161,298,14,8
10866,1695,20,23
10869,24,26,13
10892,183,52,5
10865,152,1039,17
10871,0,990,18
11123,440,80,16
10879,1,1,1
10896,4,0,1
10880,1,1,1
10928,1,1,1
10890,5,1,2
10891,1,1,1
11144,665,390,22
11158,1073,410,29
11152,769,397,23
10929,3,1,1
10999,290,0,6
11018,234,0,6
10930,1,3,1
10899,3,3,1
10914,2,2,1
10907,23,0,1
11083,353,0,7
10902,10,1,1
10936,3117,146,75
10903,26,17,2
10906,3,2,1
10911,1,0,1
10912,14,32,6
10971,32,14,6
10919,2,0,2
10922,80,2,10
10915,52,20,2
10916,7,0,1
10917,3,2,1
10918,6,4,1
11028,160,30,15
10921,24,18,2
10923,6,0,1
10925,17,3,1
11838,232,0,4
10924,64,8,7
10937,8,1,1
11002,109,5,5
10931,480,0,8
11849,5,2,1
10938,7,3,3
10944,1,1,1
10949,19,52,3
10955,0,1,1
10939,2,3,1
10942,6504,6309,19
10966,5,2,1
10976,10,1,2
10948,0,11,1
10968,14,13,2
10952,1,1,1
10951,1,1,1
10953,3,3,1
10954,8,7,1
10957,123,173,57
10982,62,95,20
11093,1008,535,71
11079,504,219,27
10965,1522,925,150
10969,3,53,3
10973,2,1,2
12213,17,7,3
12215,86,26,6
11557,14,0,1
10978,0,1,1
10985,14,20,3
10980,16,35,2
10987,6,1,1
11012,2,2,2
10997,0,5,1
11547,208,0,2
11366,100,12,5
11257,16,2,2
6283,349,1,11
11102,6,0,2
10990,2931,18,12
11217,18,2931,12
10994,1,1,1
